averageRuntime,job,testsuite,classname
0.00014628,jenkins_main_trunk,hudson.util.RobustReflectionConverterTest,hudson.util.RobustReflectionConverterTest
0.00008068,jenkins_main_trunk,scripts.BehaviorTest,scripts.BehaviorTest
0.00000045,jenkins_main_trunk,hudson.model.TaskActionTest,hudson.model.TaskActionTest
0.00002985,jenkins_main_trunk,hudson.core.PluginManagerOverrideTest,hudson.core.PluginManagerOverrideTest
0.00000256,jenkins_main_trunk,hudson.logging.LogRecorderTest,hudson.logging.LogRecorderTest
0.00000803,jenkins_main_trunk,hudson.util.SecretTest,hudson.util.SecretTest
0.00013928,jenkins_main_trunk,hudson.cli.ReloadJobCommandTest,hudson.cli.ReloadJobCommandTest
0.00001769,jenkins_main_trunk,hudson.HtmlEscapeTest,hudson.HtmlEscapeTest
0.00000031,jenkins_main_trunk,hudson.model.RunParameterValueTest,hudson.model.RunParameterValueTest
0.00005733,jenkins_main_trunk,hudson.util.AlternativeUiTextProviderTest,hudson.util.AlternativeUiTextProviderTest
0.00011799,jenkins_main_trunk,hudson.slaves.JNLPLauncherTest,hudson.slaves.JNLPLauncherTest
0.00002920,jenkins_main_trunk,hudson.model.LabelLoadStatisticsQueueLengthTest,hudson.model.LabelLoadStatisticsQueueLengthTest
0.00006429,jenkins_main_trunk,lib.form.RowVisibilityGroupTest,lib.form.RowVisibilityGroupTest
0.00021928,jenkins_main_trunk,hudson.security.HudsonPrivateSecurityRealm2Test,hudson.security.HudsonPrivateSecurityRealm2Test
0.00007209,jenkins_main_trunk,hudson.ExtensionListTest,hudson.ExtensionListTest
0.00047569,jenkins_main_trunk,hudson.model.ListViewTest,hudson.model.ListViewTest
0.00001587,jenkins_main_trunk,hudson.model.ViewJobTest,hudson.model.ViewJobTest
0.00002605,jenkins_main_trunk,hudson.console.ConsoleLogFilterTest,hudson.console.ConsoleLogFilterTest
0.00002793,jenkins_main_trunk,lib.form.NameRefTest,lib.form.NameRefTest
0.00002741,jenkins_main_trunk,hudson.RelativePathTest,hudson.RelativePathTest
0.00015781,jenkins_main_trunk,hudson.util.ProcessTreeKillerTest,hudson.util.ProcessTreeKillerTest
0.00000865,jenkins_main_trunk,hudson.util.SecretRewriterTest,hudson.util.SecretRewriterTest
0.00002994,jenkins_main_trunk,jenkins.model.UnlabeledLoadStatisticsTest,jenkins.model.UnlabeledLoadStatisticsTest
0.00071146,jenkins_main_trunk,hudson.model.UserTest,hudson.model.UserTest
0.00003556,jenkins_main_trunk,jenkins.security.Security177Test,jenkins.security.Security177Test
0.00012031,jenkins_main_trunk,hudson.model.UpdateCenter2Test,hudson.model.UpdateCenter2Test
0.00000310,jenkins_main_trunk,hudson.cli.PrivateKeyProviderTest,hudson.cli.PrivateKeyProviderTest
0.00004709,jenkins_main_trunk,hudson.cli.GetNodeCommandTest,hudson.cli.GetNodeCommandTest
0.00000491,jenkins_main_trunk,hudson.util.io.TarArchiverTest,hudson.util.io.TarArchiverTest
0.00001459,jenkins_main_trunk,hudson.cli.GetJobCommandTest,hudson.cli.GetJobCommandTest
0.00000001,jenkins_main_trunk,hudson.model.TimeSeriesTest,hudson.model.TimeSeriesTest
0.00023619,jenkins_main_trunk,hudson.security.LoginTest,hudson.security.LoginTest
0.00004968,jenkins_main_trunk,hudson.model.FreestyleJobPublisherTest,hudson.model.FreestyleJobPublisherTest
0.00005074,jenkins_main_trunk,hudson.cli.UpdateViewCommandTest,hudson.cli.UpdateViewCommandTest
0.00008132,jenkins_main_trunk,hudson.bugs.LoginRedirectTest,hudson.bugs.LoginRedirectTest
0.00022841,jenkins_main_trunk,hudson.cli.SetBuildParameterCommandTest,hudson.cli.SetBuildParameterCommandTest
0.00001316,jenkins_main_trunk,hudson.cli.handlers.ViewOptionHandlerTest,hudson.cli.handlers.ViewOptionHandlerTest
0.00002876,jenkins_main_trunk,hudson.util.ArgumentListBuilder2Test,hudson.util.ArgumentListBuilder2Test
0.00000001,jenkins_main_trunk,jenkins.model.lazy.SortedListTest,jenkins.model.lazy.SortedListTest
0.00000000,jenkins_main_trunk,CoreJellyTest,org.jvnet.hudson.test.junit.FailedTest
0.00000096,jenkins_main_trunk,hudson.util.TextFileTest,hudson.util.TextFileTest
0.00001594,jenkins_main_trunk,jenkins.ExtensionFilterTest,jenkins.ExtensionFilterTest
0.00014488,jenkins_main_trunk,hudson.bugs.JnlpAccessWithSecuredHudsonTest,hudson.bugs.JnlpAccessWithSecuredHudsonTest
0.00065600,jenkins_main_trunk,lib.form.TextAreaTest,lib.form.TextAreaTest
0.00005308,jenkins_main_trunk,lib.layout.TaskTest,lib.layout.TaskTest
0.00000602,jenkins_main_trunk,hudson.slaves.NodeListTest,hudson.slaves.NodeListTest
0.00006977,jenkins_main_trunk,hudson.tasks.LogRotatorTest,hudson.tasks.LogRotatorTest
0.00002877,jenkins_main_trunk,hudson.ExceptionTest,hudson.ExceptionTest
0.00018492,jenkins_main_trunk,hudson.console.ConsoleAnnotatorTest,hudson.console.ConsoleAnnotatorTest
0.00000392,jenkins_main_trunk,hudson.util.io.ZipArchiverTest,hudson.util.io.ZipArchiverTest
0.00022050,jenkins_main_trunk,hudson.model.WorkspaceCleanupThreadTest,hudson.model.WorkspaceCleanupThreadTest
0.00017881,jenkins_main_trunk,hudson.tools.JDKInstallerTest,hudson.tools.JDKInstallerTest
0.00009147,jenkins_main_trunk,hudson.cli.CreateNodeCommandTest,hudson.cli.CreateNodeCommandTest
0.00000064,jenkins_main_trunk,hudson.util.FormValidationTest,hudson.util.FormValidationTest
0.00000053,jenkins_main_trunk,hudson.util.DirScannerTest,hudson.util.DirScannerTest
0.00001459,jenkins_main_trunk,hudson.model.UsageStatisticsTest,hudson.model.UsageStatisticsTest
0.00010159,jenkins_main_trunk,hudson.jobs.CreateItemTest,hudson.jobs.CreateItemTest
0.00006269,jenkins_main_trunk,hudson.model.ItemGroupMixInTest,hudson.model.ItemGroupMixInTest
0.00000862,jenkins_main_trunk,jenkins.model.JenkinsDescriptorTest,jenkins.model.JenkinsDescriptorTest
0.00009747,jenkins_main_trunk,hudson.markup.MarkupFormatterTest,hudson.markup.MarkupFormatterTest
0.00014718,jenkins_main_trunk,hudson.tasks.ArtifactArchiverTest,hudson.tasks.ArtifactArchiverTest
0.00003600,jenkins_main_trunk,hudson.model.AsynchPeopleTest,hudson.model.AsynchPeopleTest
0.00002868,jenkins_main_trunk,hudson.tasks.BatchFileTest,hudson.tasks.BatchFileTest
0.00000519,jenkins_main_trunk,hudson.model.ParametersActionTest,hudson.model.ParametersActionTest
0.00002812,jenkins_main_trunk,hudson.UDPBroadcastThreadTest,hudson.UDPBroadcastThreadTest
0.00014473,jenkins_main_trunk,hudson.slaves.NodeCanTakeTaskTest,hudson.slaves.NodeCanTakeTaskTest
0.00043284,jenkins_main_trunk,hudson.model.FreeStyleProjectTest,hudson.model.FreeStyleProjectTest
0.00001727,jenkins_main_trunk,hudson.util.ConsistentHashTest,hudson.util.ConsistentHashTest
0.00006097,jenkins_main_trunk,hudson.tasks.ShellTest,hudson.tasks.ShellTest
0.00000001,jenkins_main_trunk,jenkins.model.lazy.SortedIntListTest,jenkins.model.lazy.SortedIntListTest
0.00011831,jenkins_main_trunk,lib.form.ComboBoxTest,lib.form.ComboBoxTest
0.00002656,jenkins_main_trunk,org.jvnet.hudson.test.JenkinsRuleTest,org.jvnet.hudson.test.JenkinsRuleTest
0.00023498,jenkins_main_trunk,hudson.slaves.EnvironmentVariableNodePropertyTest,hudson.slaves.EnvironmentVariableNodePropertyTest
0.00000858,jenkins_main_trunk,jenkins.model.JenkinsGetRootUrlTest,jenkins.model.JenkinsGetRootUrlTest
0.00018328,jenkins_main_trunk,hudson.scm.ChangeLogSetTest,hudson.scm.ChangeLogSetTest
0.00004406,jenkins_main_trunk,hudson.console.UrlAnnotatorTest,hudson.console.UrlAnnotatorTest
0.00000046,jenkins_main_trunk,jenkins.widgets.HistoryPageFilterTest,jenkins.widgets.HistoryPageFilterTest
0.00003013,jenkins_main_trunk,lib.form.DropdownListTest,lib.form.DropdownListTest
0.00004566,jenkins_main_trunk,hudson.model.GetEnvironmentOutsideBuildTest,hudson.model.GetEnvironmentOutsideBuildTest
0.00002336,jenkins_main_trunk,hudson.cli.GroovyshCommandTest,hudson.cli.GroovyshCommandTest
0.00000279,jenkins_main_trunk,hudson.cli.ConnectionMockTest,hudson.cli.ConnectionMockTest
0.00000096,jenkins_main_trunk,jenkins.RemotingJarSignatureTest,jenkins.RemotingJarSignatureTest
0.00005604,jenkins_main_trunk,hudson.model.UserPropertyTest,hudson.model.UserPropertyTest
0.00002978,jenkins_main_trunk,lib.form.ValidateButtonTest,lib.form.ValidateButtonTest
0.00000896,jenkins_main_trunk,jenkins.slaves.DefaultJnlpSlaveReceiverTest,jenkins.slaves.DefaultJnlpSlaveReceiverTest
0.00006804,jenkins_main_trunk,jenkins.security.BasicHeaderProcessorTest,jenkins.security.BasicHeaderProcessorTest
0.00004387,jenkins_main_trunk,hudson.cli.CopyJobCommandTest,hudson.cli.CopyJobCommandTest
0.00004422,jenkins_main_trunk,hudson.ExtensionFinderTest,hudson.ExtensionFinderTest
0.00004791,jenkins_main_trunk,hudson.cli.UpdateNodeCommandTest,hudson.cli.UpdateNodeCommandTest
0.00015120,jenkins_main_trunk,hudson.security.TokenBasedRememberMeServices2Test,hudson.security.TokenBasedRememberMeServices2Test
0.00084152,jenkins_main_trunk,hudson.tasks.BuildTriggerTest,hudson.tasks.BuildTriggerTest
0.00002624,jenkins_main_trunk,lib.form.ExpandableTextboxTest,lib.form.ExpandableTextboxTest
0.00000023,jenkins_main_trunk,hudson.util.CopyOnWriteListTest,hudson.util.CopyOnWriteListTest
0.00000009,jenkins_main_trunk,hudson.util.ArgumentListBuilderTest,hudson.util.ArgumentListBuilderTest
0.00006122,jenkins_main_trunk,jenkins.model.lazy.LazyBuildMixInTest,jenkins.model.lazy.LazyBuildMixInTest
0.00074589,jenkins_main_trunk,jenkins.triggers.ReverseBuildTriggerTest,jenkins.triggers.ReverseBuildTriggerTest
0.00033976,jenkins_main_trunk,hudson.tools.ToolLocationNodePropertyTest,hudson.tools.ToolLocationNodePropertyTest
0.00000005,jenkins_main_trunk,hudson.MarkupTextTest,hudson.MarkupTextTest
0.00034017,jenkins_main_trunk,hudson.util.FormFieldValidatorTest,hudson.util.FormFieldValidatorTest
0.00035884,jenkins_main_trunk,jenkins.scm.SCMCheckoutStrategyTest,jenkins.scm.SCMCheckoutStrategyTest
0.00004946,jenkins_main_trunk,hudson.model.labels.LabelAtomPropertyTest,hudson.model.labels.LabelAtomPropertyTest
0.00000047,jenkins_main_trunk,jenkins.ResilientJsonObjectTest,jenkins.ResilientJsonObjectTest
0.00051534,jenkins_main_trunk,hudson.search.SearchTest,hudson.search.SearchTest
0.00000093,jenkins_main_trunk,jenkins.model.lazy.AbstractLazyLoadRunMapTest,jenkins.model.lazy.AbstractLazyLoadRunMapTest
0.00003100,jenkins_main_trunk,hudson.cli.SetBuildDisplayNameCommandTest,hudson.cli.SetBuildDisplayNameCommandTest
0.00001560,jenkins_main_trunk,hudson.model.BuildExecutionTest,hudson.model.BuildExecutionTest
0.00001881,jenkins_main_trunk,jenkins.model.CoreEnvironmentContributorTest,jenkins.model.CoreEnvironmentContributorTest
0.00000045,jenkins_main_trunk,jenkins.util.TreeStringBuilderTest,jenkins.util.TreeStringBuilderTest
0.00000306,jenkins_main_trunk,hudson.UtilTest,hudson.UtilTest
0.00000001,jenkins_main_trunk,hudson.model.BallColorTest,hudson.model.BallColorTest
0.00010904,jenkins_main_trunk,hudson.diagnosis.OldDataMonitorTest,hudson.diagnosis.OldDataMonitorTest
0.00003314,jenkins_main_trunk,hudson.model.RunTest,hudson.model.RunTest
0.00048781,jenkins_main_trunk,hudson.model.HudsonTest,hudson.model.HudsonTest
0.00002568,jenkins_main_trunk,hudson.node_monitors.DiskSpaceMonitorDescriptorTest,hudson.node_monitors.DiskSpaceMonitorDescriptorTest
0.00009422,jenkins_main_trunk,CoreJellyTest,org.jvnet.hudson.test.JellyTestSuiteBuilder$JellyCheck
0.00000234,jenkins_main_trunk,hudson.model.listeners.SCMListenerTest,hudson.model.listeners.SCMListenerTest
0.00147297,jenkins_main_trunk,hudson.model.AbstractProjectTest,hudson.model.AbstractProjectTest
0.00011440,jenkins_main_trunk,jenkins.model.MasterBuildConfigurationTest,jenkins.model.MasterBuildConfigurationTest
0.00111605,jenkins_main_trunk,hudson.model.ProjectTest,hudson.model.ProjectTest
0.00146618,jenkins_main_trunk,hudson.model.QueueTest,hudson.model.QueueTest
0.00161109,jenkins_main_trunk,hudson.model.JobTest,hudson.model.JobTest
0.00041937,jenkins_main_trunk,org.jvnet.hudson.main.UseRecipesWithJenkinsRuleTest,org.jvnet.hudson.main.UseRecipesWithJenkinsRuleTest
0.00003081,jenkins_main_trunk,hudson.console.ExceptionAnnotationTest,hudson.console.ExceptionAnnotationTest
0.00001685,jenkins_main_trunk,jenkins.model.TransientActionFactoryTest,jenkins.model.TransientActionFactoryTest
0.00025591,jenkins_main_trunk,hudson.util.BootFailureTest,hudson.util.BootFailureTest
0.00000016,jenkins_main_trunk,jenkins.util.TimerTest,jenkins.util.TimerTest
0.00003914,jenkins_main_trunk,lib.hudson.ActionsTest,lib.hudson.ActionsTest
0.00000005,jenkins_main_trunk,jenkins.util.VirtualFileTest,jenkins.util.VirtualFileTest
0.00054147,jenkins_main_trunk,hudson.model.NodeTest,hudson.model.NodeTest
0.00000001,jenkins_main_trunk,jenkins.util.MarkFindingOutputStreamTest,jenkins.util.MarkFindingOutputStreamTest
0.00001876,jenkins_main_trunk,hudson.tools.ToolLocationTest,hudson.tools.ToolLocationTest
0.00078071,jenkins_main_trunk,jenkins.model.JenkinsTest,jenkins.model.JenkinsTest
0.00013852,jenkins_main_trunk,hudson.model.AbstractBuildTest,hudson.model.AbstractBuildTest
0.00039078,jenkins_main_trunk,hudson.model.ManagementLinkTest,hudson.model.ManagementLinkTest
0.00012420,jenkins_main_trunk,jenkins.bugs.Jenkins19124Test,jenkins.bugs.Jenkins19124Test
0.00000001,jenkins_main_trunk,hudson.tasks._maven.Maven3MojoNoteTest,hudson.tasks._maven.Maven3MojoNoteTest
0.00005666,jenkins_main_trunk,hudson.model.CauseTest,hudson.model.CauseTest
0.00000020,jenkins_main_trunk,jenkins.security.CryptoConfidentialKeyTest,jenkins.security.CryptoConfidentialKeyTest
0.00000135,jenkins_main_trunk,hudson.util.CopyOnWriteMapTest,hudson.util.CopyOnWriteMapTest
0.00001294,jenkins_main_trunk,hudson.scheduler.CronTabDayOfWeekLocaleTest,hudson.scheduler.CronTabDayOfWeekLocaleTest
0.00000001,jenkins_main_trunk,hudson.util.MultipartFormDataParserTest,hudson.util.MultipartFormDataParserTest
0.00013056,jenkins_main_trunk,hudson.model.ExecutorTest,hudson.model.ExecutorTest
0.00003716,jenkins_main_trunk,hudson.model.UpdateSiteTest,hudson.model.UpdateSiteTest
0.00001659,jenkins_main_trunk,hudson.cli.CreateJobCommandTest,hudson.cli.CreateJobCommandTest
0.00009296,jenkins_main_trunk,hudson.cli.HelpCommandTest,hudson.cli.HelpCommandTest
0.00010589,jenkins_main_trunk,jenkins.widgets.BuildListTableTest,jenkins.widgets.BuildListTableTest
0.00008288,jenkins_main_trunk,jenkins.tasks.SimpleBuildWrapperTest,jenkins.tasks.SimpleBuildWrapperTest
0.00025949,jenkins_main_trunk,hudson.model.RunParameterDefinitionTest,hudson.model.RunParameterDefinitionTest
0.00007491,jenkins_main_trunk,jenkins.security.FrameOptionsPageDecoratorTest,jenkins.security.FrameOptionsPageDecoratorTest
0.00000465,jenkins_main_trunk,hudson.model.LoadStatisticsTest,hudson.model.LoadStatisticsTest
0.00045988,jenkins_main_trunk,lib.form.RepeatableTest,lib.form.RepeatableTest
0.00000057,jenkins_main_trunk,hudson.model.ResourceListTest,hudson.model.ResourceListTest
0.00004873,jenkins_main_trunk,hudson.model.RunMapTest,hudson.model.RunMapTest
0.00009197,jenkins_main_trunk,hudson.logging.LogRecorderManagerTest,hudson.logging.LogRecorderManagerTest
0.00025444,jenkins_main_trunk,hudson.model.ViewPropertyTest,hudson.model.ViewPropertyTest
0.00007325,jenkins_main_trunk,hudson.views.ListViewColumnTest,hudson.views.ListViewColumnTest
0.00053751,jenkins_main_trunk,hudson.security.csrf.DefaultCrumbIssuerTest,hudson.security.csrf.DefaultCrumbIssuerTest
0.00002653,jenkins_main_trunk,hudson.slaves.CommandLauncherTest,hudson.slaves.CommandLauncherTest
0.00000642,jenkins_main_trunk,jenkins.util.AtmostOneTaskExecutorTest,jenkins.util.AtmostOneTaskExecutorTest
0.00013559,jenkins_main_trunk,jenkins.security.Security218BlackBoxTest,jenkins.security.Security218BlackBoxTest
0.00003170,jenkins_main_trunk,hudson.model.AbstractItemSecurityTest,hudson.model.AbstractItemSecurityTest
0.00001608,jenkins_main_trunk,hudson.FileSystemProvisionerTest,hudson.FileSystemProvisionerTest
0.00000515,jenkins_main_trunk,hudson.util.ProcessTreeTest,hudson.util.ProcessTreeTest
0.00003025,jenkins_main_trunk,lib.form.RowSetTest,lib.form.RowSetTest
0.00000016,jenkins_main_trunk,hudson.util.io.ReopenableRotatingFileOutputStreamTest,hudson.util.io.ReopenableRotatingFileOutputStreamTest
0.00001618,jenkins_main_trunk,hudson.cli.CLIRegistererTest,hudson.cli.CLIRegistererTest
0.00000002,jenkins_main_trunk,hudson.model.AutoCompleteSeederTest,hudson.model.AutoCompleteSeederTest
0.00000006,jenkins_main_trunk,hudson.model.DisplayNameListenerTest,hudson.model.DisplayNameListenerTest
0.00035579,jenkins_main_trunk,hudson.tasks.EnvVarsInConfigTasksTest,hudson.tasks.EnvVarsInConfigTasksTest
0.00015015,jenkins_main_trunk,hudson.security.CliAuthenticationTest,hudson.security.CliAuthenticationTest
0.00032414,jenkins_main_trunk,org.jvnet.hudson.main.JenkinsRuleTimeoutTest,org.jvnet.hudson.main.JenkinsRuleTimeoutTest
0.00000003,jenkins_main_trunk,hudson.model.ActionableTest,hudson.model.ActionableTest
0.00008583,jenkins_main_trunk,hudson.cli.CreateViewCommandTest,hudson.cli.CreateViewCommandTest
0.00000150,jenkins_main_trunk,hudson.cli.ConnectionTest,hudson.cli.ConnectionTest
0.00002731,jenkins_main_trunk,hudson.slaves.ComputerConnectorTest,hudson.slaves.ComputerConnectorTest
0.00003366,jenkins_main_trunk,hudson.model.DownloadService2Test,hudson.model.DownloadService2Test
0.00006448,jenkins_main_trunk,jenkins.security.Security218Test,jenkins.security.Security218Test
0.00001619,jenkins_main_trunk,jenkins.model.StartupTest,jenkins.model.StartupTest
0.00010527,jenkins_main_trunk,hudson.pages.SystemConfigurationTestCase,hudson.pages.SystemConfigurationTestCase
0.00011324,jenkins_main_trunk,hudson.cli.DeleteJobCommandTest,hudson.cli.DeleteJobCommandTest
0.00015308,jenkins_main_trunk,hudson.PluginManagerInstalledGUITest,hudson.PluginManagerInstalledGUITest
0.00005748,jenkins_main_trunk,lib.layout.RenderOnDemandTest,lib.layout.RenderOnDemandTest
0.00001642,jenkins_main_trunk,hudson.model.AutoCompletionCandidatesTest,hudson.model.AutoCompletionCandidatesTest
0.00000002,jenkins_main_trunk,hudson.BulkChangeTest,hudson.BulkChangeTest
0.00000056,jenkins_main_trunk,jenkins.model.JDKNameTest,jenkins.model.JDKNameTest
0.00007355,jenkins_main_trunk,hudson.model.SimpleJobTest,hudson.model.SimpleJobTest
0.00020082,jenkins_main_trunk,hudson.slaves.NodePropertyTest,hudson.slaves.NodePropertyTest
0.00014081,jenkins_main_trunk,org.jvnet.hudson.test.SleepBuilderTest,org.jvnet.hudson.test.SleepBuilderTest
0.00007530,jenkins_main_trunk,hudson.model.ComputerConfigDotXmlTest,hudson.model.ComputerConfigDotXmlTest
0.00003127,jenkins_main_trunk,org.jvnet.hudson.main.AppTest,org.jvnet.hudson.main.AppTest
0.00002850,jenkins_main_trunk,hudson.cli.EnableJobCommandTest,hudson.cli.EnableJobCommandTest
0.00000046,jenkins_main_trunk,jenkins.xml.XMLUtilsTest,jenkins.xml.XMLUtilsTest
0.00011325,jenkins_main_trunk,jenkins.model.JenkinsReloadConfigurationTest,jenkins.model.JenkinsReloadConfigurationTest
0.00004236,jenkins_main_trunk,hudson.FunctionsTest,hudson.FunctionsTest
0.00018946,jenkins_main_trunk,hudson.slaves.NodeProvisionerTest,hudson.slaves.NodeProvisionerTest
0.00014139,jenkins_main_trunk,hudson.model.PasswordParameterDefinitionTest,hudson.model.PasswordParameterDefinitionTest
0.00001461,jenkins_main_trunk,hudson.tools.BatchCommandInstallerTest,hudson.tools.BatchCommandInstallerTest
0.00011253,jenkins_main_trunk,hudson.model.ComputerTest,hudson.model.ComputerTest
0.00190502,jenkins_main_trunk,hudson.model.ViewTest,hudson.model.ViewTest
0.00000873,jenkins_main_trunk,jenkins.security.RSADigitalSignatureConfidentialKeyTest,jenkins.security.RSADigitalSignatureConfidentialKeyTest
0.00000012,jenkins_main_trunk,org.jvnet.hudson.test.MemoryAssertTest,org.jvnet.hudson.test.MemoryAssertTest
0.00004015,jenkins_main_trunk,jenkins.security.RekeySecretAdminMonitorTest,jenkins.security.RekeySecretAdminMonitorTest
0.00016017,jenkins_main_trunk,hudson.model.JobQueueTest,hudson.model.JobQueueTest
0.00006266,jenkins_main_trunk,hudson.cli.ViewManipulationTest,hudson.cli.ViewManipulationTest
0.00003363,jenkins_main_trunk,hudson.ProcStarterTest,hudson.ProcStarterTest
0.00000027,jenkins_main_trunk,hudson.util.SubClassGeneratorTest,hudson.util.SubClassGeneratorTest
0.00012126,jenkins_main_trunk,hudson.model.ComputerSetTest,hudson.model.ComputerSetTest
0.00012678,jenkins_main_trunk,hudson.model.DirectlyModifiableViewTest,hudson.model.DirectlyModifiableViewTest
0.00002821,jenkins_main_trunk,lib.form.EnumSetTest,lib.form.EnumSetTest
0.00038649,jenkins_main_trunk,hudson.ClassicPluginStrategyTest,hudson.ClassicPluginStrategyTest
0.00040512,jenkins_main_trunk,hudson.util.RingBufferLogHandlerTest,hudson.util.RingBufferLogHandlerTest
0.00012247,jenkins_main_trunk,hudson.model.queue.QueueTaskDispatcherTest,hudson.model.queue.QueueTaskDispatcherTest
0.00000041,jenkins_main_trunk,hudson.ProxyConfigurationTest,hudson.ProxyConfigurationTest
0.00000104,jenkins_main_trunk,hudson.EnvVarsTest,hudson.EnvVarsTest
0.00008554,jenkins_main_trunk,lib.layout.IconTest,lib.layout.IconTest
0.00005588,jenkins_main_trunk,jenkins.model.PeepholePermalinkTest,jenkins.model.PeepholePermalinkTest
0.00000022,jenkins_main_trunk,hudson.slaves.ComputerLauncherTest,hudson.slaves.ComputerLauncherTest
0.00003314,jenkins_main_trunk,lib.form.AdvancedButtonTest,lib.form.AdvancedButtonTest
0.00000892,jenkins_main_trunk,jenkins.security.RSAConfidentialKeyTest,jenkins.security.RSAConfidentialKeyTest
0.00000093,jenkins_main_trunk,hudson.model.BuildStatusSummaryTest,hudson.model.BuildStatusSummaryTest
0.00000113,jenkins_main_trunk,jenkins.security.HexStringConfidentialKeyTest,jenkins.security.HexStringConfidentialKeyTest
0.00007492,jenkins_main_trunk,hudson.model.DisplayNameTest,hudson.model.DisplayNameTest
0.00020499,jenkins_main_trunk,hudson.triggers.TriggerStartTest,hudson.triggers.TriggerStartTest
0.00000002,jenkins_main_trunk,hudson.util.LineEndNormalizingWriterTest,hudson.util.LineEndNormalizingWriterTest
0.00015359,jenkins_main_trunk,hudson.model.DependencyGraphTest,hudson.model.DependencyGraphTest
0.00014065,jenkins_main_trunk,hudson.model.DirectoryBrowserSupportTest,hudson.model.DirectoryBrowserSupportTest
0.00002177,jenkins_main_trunk,hudson.widgets.HistoryWidgetTest,hudson.widgets.HistoryWidgetTest
0.00002642,jenkins_main_trunk,hudson.model.listeners.ItemListenerTest,hudson.model.listeners.ItemListenerTest
0.00002968,jenkins_main_trunk,hudson.scm.ScmTest,hudson.scm.ScmTest
0.00031098,jenkins_main_trunk,hudson.security.ExtendedReadPermissionTest,hudson.security.ExtendedReadPermissionTest
0.00012037,jenkins_main_trunk,lib.form.RepeatablePropertyTest,lib.form.RepeatablePropertyTest
0.00053170,jenkins_main_trunk,hudson.tasks.MavenTest,hudson.tasks.MavenTest
0.00000005,jenkins_main_trunk,hudson.util.CyclicGraphDetectorTest,hudson.util.CyclicGraphDetectorTest
0.00002896,jenkins_main_trunk,org.jvnet.hudson.test.MockFolderTest,org.jvnet.hudson.test.MockFolderTest
0.00005867,jenkins_main_trunk,jenkins.security.DefaultFilePathFilterTest,jenkins.security.DefaultFilePathFilterTest
0.00000002,jenkins_main_trunk,hudson.triggers.TimerTriggerTest,hudson.triggers.TimerTriggerTest
0.00020654,jenkins_main_trunk,hudson.ProcTest,hudson.ProcTest
0.00030890,jenkins_main_trunk,hudson.FilePathTest,hudson.FilePathTest
0.00010896,jenkins_main_trunk,hudson.LauncherTest,hudson.LauncherTest
0.00014611,jenkins_main_trunk,hudson.cli.DeleteViewCommandTest,hudson.cli.DeleteViewCommandTest
0.00000081,jenkins_main_trunk,hudson.scheduler.CronTabEventualityTest,hudson.scheduler.CronTabEventualityTest
0.00002718,jenkins_main_trunk,lib.form.PasswordTest,lib.form.PasswordTest
0.00031994,jenkins_main_trunk,hudson.model.ParametersTest,hudson.model.ParametersTest
0.00004880,jenkins_main_trunk,hudson.cli.GetViewCommandTest,hudson.cli.GetViewCommandTest
0.00001237,jenkins_main_trunk,CorePropertiesTest,org.jvnet.hudson.test.PropertiesTestSuite$PropertiesTest
0.00002256,jenkins_main_trunk,hudson.util.RunListTest,hudson.util.RunListTest
0.00010081,jenkins_main_trunk,hudson.cli.DeleteNodeCommandTest,hudson.cli.DeleteNodeCommandTest
0.00000110,jenkins_main_trunk,hudson.scheduler.CronTabTest,hudson.scheduler.CronTabTest
0.00016466,jenkins_main_trunk,jenkins.security.FilePathSecureTest,jenkins.security.FilePathSecureTest
0.00000039,jenkins_main_trunk,hudson.util.XStream2EncodingTest,hudson.util.XStream2EncodingTest
0.00069573,jenkins_main_trunk,hudson.bugs.seasar.Operation2174Test,hudson.bugs.seasar.Operation2174Test
0.00000002,jenkins_main_trunk,hudson.util.IsOverriddenTest,hudson.util.IsOverriddenTest
0.00002664,jenkins_main_trunk,hudson.util.LineEndingConversionTest,hudson.util.LineEndingConversionTest
0.00005453,jenkins_main_trunk,hudson.model.SlaveTest,hudson.model.SlaveTest
0.00013939,jenkins_main_trunk,hudson.model.ParametersDefinitionPropertyTest,hudson.model.ParametersDefinitionPropertyTest
0.00007319,jenkins_main_trunk,hudson.diagnosis.HudsonHomeDiskUsageMonitorTest,hudson.diagnosis.HudsonHomeDiskUsageMonitorTest
0.00018189,jenkins_main_trunk,hudson.security.HudsonPrivateSecurityRealmTest,hudson.security.HudsonPrivateSecurityRealmTest
0.00004196,jenkins_main_trunk,lib.form.ApplyButtonTest,lib.form.ApplyButtonTest
0.00023660,jenkins_main_trunk,hudson.model.labels.LabelExpressionTest,hudson.model.labels.LabelExpressionTest
0.00001539,jenkins_main_trunk,hudson.model.EnvironmentContributorTest,hudson.model.EnvironmentContributorTest
0.00041912,jenkins_main_trunk,hudson.cli.BuildCommandTest,hudson.cli.BuildCommandTest
0.00012398,jenkins_main_trunk,jenkins.security.Security218CliTest,jenkins.security.Security218CliTest
0.00032440,jenkins_main_trunk,hudson.cli.ComputerStateTest,hudson.cli.ComputerStateTest
0.00002481,jenkins_main_trunk,hudson.model.UpdateCenterTest,hudson.model.UpdateCenterTest
0.00038068,jenkins_main_trunk,lib.hudson.ListScmBrowsersTest,lib.hudson.ListScmBrowsersTest
0.00004737,jenkins_main_trunk,hudson.tasks.UserAvatarResolverTest,hudson.tasks.UserAvatarResolverTest
0.00003456,jenkins_main_trunk,hudson.model.queue.LoadPredictorTest,hudson.model.queue.LoadPredictorTest
0.00001519,jenkins_main_trunk,jenkins.model.ExtensionTypeHierarchyTest,jenkins.model.ExtensionTypeHierarchyTest
0.00000015,jenkins_main_trunk,hudson.model.ChoiceParameterDefinitionTest,hudson.model.ChoiceParameterDefinitionTest
0.00188666,jenkins_main_trunk,hudson.PluginManagerTest,hudson.PluginManagerTest
0.00000169,jenkins_main_trunk,hudson.util.XStream2Test,hudson.util.XStream2Test
0.00002292,jenkins_main_trunk,jenkins.model.ContextMenuTest,jenkins.model.ContextMenuTest
0.00005561,jenkins_main_trunk,hudson.model.DownloadServiceTest,hudson.model.DownloadServiceTest
0.00014507,jenkins_main_trunk,hudson.diagnosis.TooManyJobsButNoViewTest,hudson.diagnosis.TooManyJobsButNoViewTest
0.00001595,jenkins_main_trunk,hudson.init.impl.GroovyInitScriptTest,hudson.init.impl.GroovyInitScriptTest
0.00012154,jenkins_main_trunk,hudson.cli.CLIActionTest,hudson.cli.CLIActionTest
0.00000071,jenkins_main_trunk,jenkins.util.xstream.XStreamDOMTest,jenkins.util.xstream.XStreamDOMTest
0.00024440,jenkins_main_trunk,hudson.model.MyViewsPropertyTest,hudson.model.MyViewsPropertyTest
0.00010983,jenkins_main_trunk,org.jvnet.hudson.test.HudsonTestCaseShutdownSlaveTest,org.jvnet.hudson.test.HudsonTestCaseShutdownSlaveTest
0.00013267,jenkins_main_trunk,hudson.ExtensionListListenerTest,hudson.ExtensionListListenerTest
0.00002999,jenkins_main_trunk,lib.layout.LayoutTest,lib.layout.LayoutTest
0.00018103,jenkins_main_trunk,hudson.tasks.FingerprinterTest,hudson.tasks.FingerprinterTest
0.00101139,jenkins_main_trunk,hudson.model.HelpLinkTest,hudson.model.HelpLinkTest
0.00043688,jenkins_main_trunk,hudson.model.DescriptorTest,hudson.model.DescriptorTest
0.00001630,jenkins_main_trunk,hudson.diagnosis.ReverseProxySetupMonitorTest,hudson.diagnosis.ReverseProxySetupMonitorTest
0.00001975,jenkins_main_trunk,hudson.model.AbstractItemTest,hudson.model.AbstractItemTest
0.00011021,jenkins_main_trunk,hudson.GroovyTest,hudson.GroovyTest
0.00018002,jenkins_main_trunk,hudson.model.MyViewTest,hudson.model.MyViewTest
0.00006111,jenkins_main_trunk,hudson.tools.InstallerTranslatorTest,hudson.tools.InstallerTranslatorTest
0.00017396,jenkins_main_trunk,hudson.cli.OnlineNodeCommandTest,hudson.cli.OnlineNodeCommandTest
0.00000461,jenkins_main_trunk,hudson.bugs.DateConversionTest,hudson.bugs.DateConversionTest
0.00003045,jenkins_main_trunk,hudson.model.ItemsTest,hudson.model.ItemsTest
0.00015870,jenkins_main_trunk,jenkins.model.BuildDiscarderPropertyTest,jenkins.model.BuildDiscarderPropertyTest
0.00014101,jenkins_main_trunk,hudson.triggers.SCMTriggerTest,hudson.triggers.SCMTriggerTest
0.00016818,jenkins_main_trunk,hudson.model.ApiTest,hudson.model.ApiTest
0.00016184,jenkins_main_trunk,hudson.model.FingerprintTest,hudson.model.FingerprintTest
0.00000177,jenkins_main_trunk,jenkins.security.HMACConfidentialKeyTest,jenkins.security.HMACConfidentialKeyTest
0.00002672,jenkins_main_trunk,hudson.node_monitors.ClockMonitorDescriptorTest,hudson.node_monitors.ClockMonitorDescriptorTest
0.00002678,jenkins_main_trunk,hudson.PluginTest,hudson.PluginTest
0.00004063,jenkins_main_trunk,hudson.security.PermissionGroupTest,hudson.security.PermissionGroupTest
0.00052529,jenkins_main_trunk,jenkins.security.SecurityContextExecutorServiceTest,jenkins.security.SecurityContextExecutorServiceTest
0.00000008,jenkins_main_trunk,hudson.util.QuotedStringTokenizerTest,hudson.util.QuotedStringTokenizerTest
0.00051424,jenkins_main_trunk,hudson.model.JobPropertyTest,hudson.model.JobPropertyTest
0.00001345,jenkins_main_trunk,hudson.cli.ListJobsCommandTest,hudson.cli.ListJobsCommandTest
0.00000231,jenkins_main_trunk,jenkins.security.DefaultConfidentialStoreTest,jenkins.security.DefaultConfidentialStoreTest
0.00027079,jenkins_main_trunk,jenkins.security.ApiTokenPropertyTest,jenkins.security.ApiTokenPropertyTest
0.00001654,jenkins_main_trunk,hudson.tools.CommandInstallerTest,hudson.tools.CommandInstallerTest
0.00000007,jenkins_main_trunk,hudson.util.IteratorsTest,hudson.util.IteratorsTest
0.00001486,jenkins_main_trunk,hudson.model.queue.WideExecutionTest,hudson.model.queue.WideExecutionTest
0.00002993,jenkins_main_trunk,hudson.model.AbortedFreeStyleBuildTest,hudson.model.AbortedFreeStyleBuildTest
0.00009005,jenkins_main_trunk,jenkins.model.JenkinsLocationConfigurationTest,jenkins.model.JenkinsLocationConfigurationTest
0.00000001,jenkins_main_trunk,hudson.model.FileParameterValueTest,hudson.model.FileParameterValueTest
0.00000008,jenkins_main_trunk,hudson.util.PackedMapTest,hudson.util.PackedMapTest
0.00000068,jenkins_main_trunk,jenkins.model.RunIdMigratorTest,jenkins.model.RunIdMigratorTest
0.00013993,jenkins_2.0,hudson.util.RobustReflectionConverterTest,hudson.util.RobustReflectionConverterTest
0.00008029,jenkins_2.0,scripts.BehaviorTest,scripts.BehaviorTest
0.00000039,jenkins_2.0,hudson.model.TaskActionTest,hudson.model.TaskActionTest
0.00002940,jenkins_2.0,hudson.core.PluginManagerOverrideTest,hudson.core.PluginManagerOverrideTest
0.00000252,jenkins_2.0,hudson.logging.LogRecorderTest,hudson.logging.LogRecorderTest
0.00000520,jenkins_2.0,hudson.util.SecretTest,hudson.util.SecretTest
0.00012725,jenkins_2.0,hudson.cli.ReloadJobCommandTest,hudson.cli.ReloadJobCommandTest
0.00001492,jenkins_2.0,hudson.HtmlEscapeTest,hudson.HtmlEscapeTest
0.00000041,jenkins_2.0,hudson.model.RunParameterValueTest,hudson.model.RunParameterValueTest
0.00005194,jenkins_2.0,hudson.util.AlternativeUiTextProviderTest,hudson.util.AlternativeUiTextProviderTest
0.00011833,jenkins_2.0,hudson.slaves.JNLPLauncherTest,hudson.slaves.JNLPLauncherTest
0.00002751,jenkins_2.0,hudson.model.LabelLoadStatisticsQueueLengthTest,hudson.model.LabelLoadStatisticsQueueLengthTest
0.00006191,jenkins_2.0,lib.form.RowVisibilityGroupTest,lib.form.RowVisibilityGroupTest
0.00022203,jenkins_2.0,hudson.security.HudsonPrivateSecurityRealm2Test,hudson.security.HudsonPrivateSecurityRealm2Test
0.00007229,jenkins_2.0,hudson.ExtensionListTest,hudson.ExtensionListTest
0.00044375,jenkins_2.0,hudson.model.ListViewTest,hudson.model.ListViewTest
0.00001196,jenkins_2.0,hudson.model.ViewJobTest,hudson.model.ViewJobTest
0.00002481,jenkins_2.0,hudson.console.ConsoleLogFilterTest,hudson.console.ConsoleLogFilterTest
0.00002730,jenkins_2.0,lib.form.NameRefTest,lib.form.NameRefTest
0.00002777,jenkins_2.0,hudson.RelativePathTest,hudson.RelativePathTest
0.00015578,jenkins_2.0,hudson.util.ProcessTreeKillerTest,hudson.util.ProcessTreeKillerTest
0.00000832,jenkins_2.0,hudson.util.SecretRewriterTest,hudson.util.SecretRewriterTest
0.00002907,jenkins_2.0,jenkins.model.UnlabeledLoadStatisticsTest,jenkins.model.UnlabeledLoadStatisticsTest
0.00067601,jenkins_2.0,hudson.model.UserTest,hudson.model.UserTest
0.00003627,jenkins_2.0,jenkins.security.Security177Test,jenkins.security.Security177Test
0.00008472,jenkins_2.0,hudson.model.UpdateCenter2Test,hudson.model.UpdateCenter2Test
0.00000315,jenkins_2.0,hudson.cli.PrivateKeyProviderTest,hudson.cli.PrivateKeyProviderTest
0.00005016,jenkins_2.0,hudson.cli.GetNodeCommandTest,hudson.cli.GetNodeCommandTest
0.00000499,jenkins_2.0,hudson.util.io.TarArchiverTest,hudson.util.io.TarArchiverTest
0.00001523,jenkins_2.0,hudson.cli.GetJobCommandTest,hudson.cli.GetJobCommandTest
0.00000000,jenkins_2.0,hudson.model.TimeSeriesTest,hudson.model.TimeSeriesTest
0.00024216,jenkins_2.0,hudson.security.LoginTest,hudson.security.LoginTest
0.00004502,jenkins_2.0,hudson.model.FreestyleJobPublisherTest,hudson.model.FreestyleJobPublisherTest
0.00004661,jenkins_2.0,hudson.cli.UpdateViewCommandTest,hudson.cli.UpdateViewCommandTest
0.00007896,jenkins_2.0,hudson.bugs.LoginRedirectTest,hudson.bugs.LoginRedirectTest
0.00022251,jenkins_2.0,hudson.cli.SetBuildParameterCommandTest,hudson.cli.SetBuildParameterCommandTest
0.00001301,jenkins_2.0,hudson.cli.handlers.ViewOptionHandlerTest,hudson.cli.handlers.ViewOptionHandlerTest
0.00002616,jenkins_2.0,hudson.util.ArgumentListBuilder2Test,hudson.util.ArgumentListBuilder2Test
0.00000001,jenkins_2.0,jenkins.model.lazy.SortedListTest,jenkins.model.lazy.SortedListTest
0.00000000,jenkins_2.0,CoreJellyTest,org.jvnet.hudson.test.junit.FailedTest
0.00000095,jenkins_2.0,hudson.util.TextFileTest,hudson.util.TextFileTest
0.00001670,jenkins_2.0,jenkins.ExtensionFilterTest,jenkins.ExtensionFilterTest
0.00013627,jenkins_2.0,hudson.bugs.JnlpAccessWithSecuredHudsonTest,hudson.bugs.JnlpAccessWithSecuredHudsonTest
0.00070791,jenkins_2.0,lib.form.TextAreaTest,lib.form.TextAreaTest
0.00005243,jenkins_2.0,lib.layout.TaskTest,lib.layout.TaskTest
0.00000633,jenkins_2.0,hudson.slaves.NodeListTest,hudson.slaves.NodeListTest
0.00006551,jenkins_2.0,hudson.tasks.LogRotatorTest,hudson.tasks.LogRotatorTest
0.00002899,jenkins_2.0,hudson.ExceptionTest,hudson.ExceptionTest
0.00018499,jenkins_2.0,hudson.console.ConsoleAnnotatorTest,hudson.console.ConsoleAnnotatorTest
0.00000374,jenkins_2.0,hudson.util.io.ZipArchiverTest,hudson.util.io.ZipArchiverTest
0.00020824,jenkins_2.0,hudson.model.WorkspaceCleanupThreadTest,hudson.model.WorkspaceCleanupThreadTest
0.00016947,jenkins_2.0,hudson.tools.JDKInstallerTest,hudson.tools.JDKInstallerTest
0.00009235,jenkins_2.0,hudson.cli.CreateNodeCommandTest,hudson.cli.CreateNodeCommandTest
0.00000061,jenkins_2.0,hudson.util.FormValidationTest,hudson.util.FormValidationTest
0.00000056,jenkins_2.0,hudson.util.DirScannerTest,hudson.util.DirScannerTest
0.00001307,jenkins_2.0,hudson.model.UsageStatisticsTest,hudson.model.UsageStatisticsTest
0.00009941,jenkins_2.0,hudson.jobs.CreateItemTest,hudson.jobs.CreateItemTest
0.00006076,jenkins_2.0,hudson.model.ItemGroupMixInTest,hudson.model.ItemGroupMixInTest
0.00000858,jenkins_2.0,jenkins.model.JenkinsDescriptorTest,jenkins.model.JenkinsDescriptorTest
0.00009867,jenkins_2.0,hudson.markup.MarkupFormatterTest,hudson.markup.MarkupFormatterTest
0.00013991,jenkins_2.0,hudson.tasks.ArtifactArchiverTest,hudson.tasks.ArtifactArchiverTest
0.00003537,jenkins_2.0,hudson.model.AsynchPeopleTest,hudson.model.AsynchPeopleTest
0.00002965,jenkins_2.0,hudson.tasks.BatchFileTest,hudson.tasks.BatchFileTest
0.00000610,jenkins_2.0,hudson.model.ParametersActionTest,hudson.model.ParametersActionTest
0.00002683,jenkins_2.0,hudson.UDPBroadcastThreadTest,hudson.UDPBroadcastThreadTest
0.00014205,jenkins_2.0,hudson.slaves.NodeCanTakeTaskTest,hudson.slaves.NodeCanTakeTaskTest
0.00041154,jenkins_2.0,hudson.model.FreeStyleProjectTest,hudson.model.FreeStyleProjectTest
0.00001714,jenkins_2.0,hudson.util.ConsistentHashTest,hudson.util.ConsistentHashTest
0.00005535,jenkins_2.0,hudson.tasks.ShellTest,hudson.tasks.ShellTest
0.00000001,jenkins_2.0,jenkins.model.lazy.SortedIntListTest,jenkins.model.lazy.SortedIntListTest
0.00012502,jenkins_2.0,lib.form.ComboBoxTest,lib.form.ComboBoxTest
0.00002741,jenkins_2.0,org.jvnet.hudson.test.JenkinsRuleTest,org.jvnet.hudson.test.JenkinsRuleTest
0.00024125,jenkins_2.0,hudson.slaves.EnvironmentVariableNodePropertyTest,hudson.slaves.EnvironmentVariableNodePropertyTest
0.00000874,jenkins_2.0,jenkins.model.JenkinsGetRootUrlTest,jenkins.model.JenkinsGetRootUrlTest
0.00018617,jenkins_2.0,hudson.scm.ChangeLogSetTest,hudson.scm.ChangeLogSetTest
0.00004550,jenkins_2.0,hudson.console.UrlAnnotatorTest,hudson.console.UrlAnnotatorTest
0.00000045,jenkins_2.0,jenkins.widgets.HistoryPageFilterTest,jenkins.widgets.HistoryPageFilterTest
0.00002865,jenkins_2.0,lib.form.DropdownListTest,lib.form.DropdownListTest
0.00004317,jenkins_2.0,hudson.model.GetEnvironmentOutsideBuildTest,hudson.model.GetEnvironmentOutsideBuildTest
0.00002383,jenkins_2.0,hudson.cli.GroovyshCommandTest,hudson.cli.GroovyshCommandTest
0.00000278,jenkins_2.0,hudson.cli.ConnectionMockTest,hudson.cli.ConnectionMockTest
0.00005112,jenkins_2.0,jenkins.I18nTest,jenkins.I18nTest
0.00000116,jenkins_2.0,jenkins.RemotingJarSignatureTest,jenkins.RemotingJarSignatureTest
0.00005029,jenkins_2.0,hudson.model.UserPropertyTest,hudson.model.UserPropertyTest
0.00000023,jenkins_2.0,jenkins.util.ResourceBundleUtilTest,jenkins.util.ResourceBundleUtilTest
0.00002765,jenkins_2.0,lib.form.ValidateButtonTest,lib.form.ValidateButtonTest
0.00000953,jenkins_2.0,jenkins.slaves.DefaultJnlpSlaveReceiverTest,jenkins.slaves.DefaultJnlpSlaveReceiverTest
0.00006497,jenkins_2.0,jenkins.security.BasicHeaderProcessorTest,jenkins.security.BasicHeaderProcessorTest
0.00004190,jenkins_2.0,hudson.cli.CopyJobCommandTest,hudson.cli.CopyJobCommandTest
0.00003615,jenkins_2.0,hudson.ExtensionFinderTest,hudson.ExtensionFinderTest
0.00004711,jenkins_2.0,hudson.cli.UpdateNodeCommandTest,hudson.cli.UpdateNodeCommandTest
0.00014847,jenkins_2.0,hudson.security.TokenBasedRememberMeServices2Test,hudson.security.TokenBasedRememberMeServices2Test
0.00083589,jenkins_2.0,hudson.tasks.BuildTriggerTest,hudson.tasks.BuildTriggerTest
0.00002942,jenkins_2.0,lib.form.ExpandableTextboxTest,lib.form.ExpandableTextboxTest
0.00000061,jenkins_2.0,hudson.util.CopyOnWriteListTest,hudson.util.CopyOnWriteListTest
0.00000007,jenkins_2.0,hudson.util.ArgumentListBuilderTest,hudson.util.ArgumentListBuilderTest
0.00006223,jenkins_2.0,jenkins.model.lazy.LazyBuildMixInTest,jenkins.model.lazy.LazyBuildMixInTest
0.00074046,jenkins_2.0,jenkins.triggers.ReverseBuildTriggerTest,jenkins.triggers.ReverseBuildTriggerTest
0.00030931,jenkins_2.0,hudson.tools.ToolLocationNodePropertyTest,hudson.tools.ToolLocationNodePropertyTest
0.00000005,jenkins_2.0,hudson.MarkupTextTest,hudson.MarkupTextTest
0.00022686,jenkins_2.0,hudson.util.FormFieldValidatorTest,hudson.util.FormFieldValidatorTest
0.00038366,jenkins_2.0,jenkins.scm.SCMCheckoutStrategyTest,jenkins.scm.SCMCheckoutStrategyTest
0.00004517,jenkins_2.0,hudson.model.labels.LabelAtomPropertyTest,hudson.model.labels.LabelAtomPropertyTest
0.00000045,jenkins_2.0,jenkins.ResilientJsonObjectTest,jenkins.ResilientJsonObjectTest
0.00050837,jenkins_2.0,hudson.search.SearchTest,hudson.search.SearchTest
0.00000081,jenkins_2.0,jenkins.model.lazy.AbstractLazyLoadRunMapTest,jenkins.model.lazy.AbstractLazyLoadRunMapTest
0.00002917,jenkins_2.0,hudson.cli.SetBuildDisplayNameCommandTest,hudson.cli.SetBuildDisplayNameCommandTest
0.00001334,jenkins_2.0,hudson.model.BuildExecutionTest,hudson.model.BuildExecutionTest
0.00001837,jenkins_2.0,jenkins.model.CoreEnvironmentContributorTest,jenkins.model.CoreEnvironmentContributorTest
0.00000043,jenkins_2.0,jenkins.util.TreeStringBuilderTest,jenkins.util.TreeStringBuilderTest
0.00000297,jenkins_2.0,hudson.UtilTest,hudson.UtilTest
0.00000002,jenkins_2.0,hudson.model.BallColorTest,hudson.model.BallColorTest
0.00011394,jenkins_2.0,hudson.diagnosis.OldDataMonitorTest,hudson.diagnosis.OldDataMonitorTest
0.00003421,jenkins_2.0,hudson.model.RunTest,hudson.model.RunTest
0.00045957,jenkins_2.0,hudson.model.HudsonTest,hudson.model.HudsonTest
0.00002653,jenkins_2.0,hudson.node_monitors.DiskSpaceMonitorDescriptorTest,hudson.node_monitors.DiskSpaceMonitorDescriptorTest
0.00008975,jenkins_2.0,CoreJellyTest,org.jvnet.hudson.test.JellyTestSuiteBuilder$JellyCheck
0.00000230,jenkins_2.0,hudson.model.listeners.SCMListenerTest,hudson.model.listeners.SCMListenerTest
0.00142437,jenkins_2.0,hudson.model.AbstractProjectTest,hudson.model.AbstractProjectTest
0.00011549,jenkins_2.0,jenkins.model.MasterBuildConfigurationTest,jenkins.model.MasterBuildConfigurationTest
0.00109896,jenkins_2.0,hudson.model.ProjectTest,hudson.model.ProjectTest
0.00145470,jenkins_2.0,hudson.model.QueueTest,hudson.model.QueueTest
0.00149861,jenkins_2.0,hudson.model.JobTest,hudson.model.JobTest
0.00016490,jenkins_2.0,org.jvnet.hudson.main.UseRecipesWithJenkinsRuleTest,org.jvnet.hudson.main.UseRecipesWithJenkinsRuleTest
0.00002691,jenkins_2.0,hudson.console.ExceptionAnnotationTest,hudson.console.ExceptionAnnotationTest
0.00001663,jenkins_2.0,jenkins.model.TransientActionFactoryTest,jenkins.model.TransientActionFactoryTest
0.00003841,jenkins_2.0,hudson.model.UpdateCenterPluginInstallTest,hudson.model.UpdateCenterPluginInstallTest
0.00009537,jenkins_2.0,hudson.util.BootFailureTest,hudson.util.BootFailureTest
0.00000015,jenkins_2.0,jenkins.util.TimerTest,jenkins.util.TimerTest
0.00003626,jenkins_2.0,lib.hudson.ActionsTest,lib.hudson.ActionsTest
0.00000005,jenkins_2.0,jenkins.util.VirtualFileTest,jenkins.util.VirtualFileTest
0.00050108,jenkins_2.0,hudson.model.NodeTest,hudson.model.NodeTest
0.00000001,jenkins_2.0,jenkins.util.MarkFindingOutputStreamTest,jenkins.util.MarkFindingOutputStreamTest
0.00001764,jenkins_2.0,hudson.tools.ToolLocationTest,hudson.tools.ToolLocationTest
0.00074713,jenkins_2.0,jenkins.model.JenkinsTest,jenkins.model.JenkinsTest
0.00005179,jenkins_2.0,jenkins.install.InstallUtilTest,jenkins.install.InstallUtilTest
0.00012208,jenkins_2.0,hudson.model.AbstractBuildTest,hudson.model.AbstractBuildTest
0.00036976,jenkins_2.0,hudson.model.ManagementLinkTest,hudson.model.ManagementLinkTest
0.00012890,jenkins_2.0,jenkins.bugs.Jenkins19124Test,jenkins.bugs.Jenkins19124Test
0.00000002,jenkins_2.0,hudson.tasks._maven.Maven3MojoNoteTest,hudson.tasks._maven.Maven3MojoNoteTest
0.00004811,jenkins_2.0,hudson.model.CauseTest,hudson.model.CauseTest
0.00000024,jenkins_2.0,jenkins.security.CryptoConfidentialKeyTest,jenkins.security.CryptoConfidentialKeyTest
0.00000050,jenkins_2.0,hudson.util.CopyOnWriteMapTest,hudson.util.CopyOnWriteMapTest
0.00001303,jenkins_2.0,hudson.scheduler.CronTabDayOfWeekLocaleTest,hudson.scheduler.CronTabDayOfWeekLocaleTest
0.00000001,jenkins_2.0,hudson.util.MultipartFormDataParserTest,hudson.util.MultipartFormDataParserTest
0.00012124,jenkins_2.0,hudson.model.ExecutorTest,hudson.model.ExecutorTest
0.00003838,jenkins_2.0,hudson.model.UpdateSiteTest,hudson.model.UpdateSiteTest
0.00001591,jenkins_2.0,hudson.cli.CreateJobCommandTest,hudson.cli.CreateJobCommandTest
0.00009334,jenkins_2.0,hudson.cli.HelpCommandTest,hudson.cli.HelpCommandTest
0.00009834,jenkins_2.0,jenkins.widgets.BuildListTableTest,jenkins.widgets.BuildListTableTest
0.00008411,jenkins_2.0,jenkins.tasks.SimpleBuildWrapperTest,jenkins.tasks.SimpleBuildWrapperTest
0.00023456,jenkins_2.0,hudson.model.RunParameterDefinitionTest,hudson.model.RunParameterDefinitionTest
0.00007179,jenkins_2.0,jenkins.security.FrameOptionsPageDecoratorTest,jenkins.security.FrameOptionsPageDecoratorTest
0.00000488,jenkins_2.0,hudson.model.LoadStatisticsTest,hudson.model.LoadStatisticsTest
0.00045336,jenkins_2.0,lib.form.RepeatableTest,lib.form.RepeatableTest
0.00000052,jenkins_2.0,hudson.model.ResourceListTest,hudson.model.ResourceListTest
0.00004598,jenkins_2.0,hudson.model.RunMapTest,hudson.model.RunMapTest
0.00009674,jenkins_2.0,hudson.logging.LogRecorderManagerTest,hudson.logging.LogRecorderManagerTest
0.00023852,jenkins_2.0,hudson.model.ViewPropertyTest,hudson.model.ViewPropertyTest
0.00006876,jenkins_2.0,hudson.views.ListViewColumnTest,hudson.views.ListViewColumnTest
0.00000049,jenkins_2.0,hudson.util.JSONObjectResponseTest,hudson.util.JSONObjectResponseTest
0.00055331,jenkins_2.0,hudson.security.csrf.DefaultCrumbIssuerTest,hudson.security.csrf.DefaultCrumbIssuerTest
0.00002877,jenkins_2.0,hudson.slaves.CommandLauncherTest,hudson.slaves.CommandLauncherTest
0.00000624,jenkins_2.0,jenkins.util.AtmostOneTaskExecutorTest,jenkins.util.AtmostOneTaskExecutorTest
0.00013350,jenkins_2.0,jenkins.security.Security218BlackBoxTest,jenkins.security.Security218BlackBoxTest
0.00003087,jenkins_2.0,hudson.model.AbstractItemSecurityTest,hudson.model.AbstractItemSecurityTest
0.00001446,jenkins_2.0,hudson.FileSystemProvisionerTest,hudson.FileSystemProvisionerTest
0.00000488,jenkins_2.0,hudson.util.ProcessTreeTest,hudson.util.ProcessTreeTest
0.00002764,jenkins_2.0,lib.form.RowSetTest,lib.form.RowSetTest
0.00000016,jenkins_2.0,hudson.util.io.ReopenableRotatingFileOutputStreamTest,hudson.util.io.ReopenableRotatingFileOutputStreamTest
0.00001487,jenkins_2.0,hudson.cli.CLIRegistererTest,hudson.cli.CLIRegistererTest
0.00000002,jenkins_2.0,hudson.model.AutoCompleteSeederTest,hudson.model.AutoCompleteSeederTest
0.00000006,jenkins_2.0,hudson.model.DisplayNameListenerTest,hudson.model.DisplayNameListenerTest
0.00034094,jenkins_2.0,hudson.tasks.EnvVarsInConfigTasksTest,hudson.tasks.EnvVarsInConfigTasksTest
0.00015756,jenkins_2.0,hudson.security.CliAuthenticationTest,hudson.security.CliAuthenticationTest
0.00027127,jenkins_2.0,org.jvnet.hudson.main.JenkinsRuleTimeoutTest,org.jvnet.hudson.main.JenkinsRuleTimeoutTest
0.00000003,jenkins_2.0,hudson.model.ActionableTest,hudson.model.ActionableTest
0.00007235,jenkins_2.0,hudson.cli.CreateViewCommandTest,hudson.cli.CreateViewCommandTest
0.00000147,jenkins_2.0,hudson.cli.ConnectionTest,hudson.cli.ConnectionTest
0.00002589,jenkins_2.0,hudson.slaves.ComputerConnectorTest,hudson.slaves.ComputerConnectorTest
0.00002226,jenkins_2.0,hudson.model.DownloadService2Test,hudson.model.DownloadService2Test
0.00006192,jenkins_2.0,jenkins.security.Security218Test,jenkins.security.Security218Test
0.00001685,jenkins_2.0,jenkins.model.StartupTest,jenkins.model.StartupTest
0.00010769,jenkins_2.0,hudson.pages.SystemConfigurationTestCase,hudson.pages.SystemConfigurationTestCase
0.00011066,jenkins_2.0,hudson.cli.DeleteJobCommandTest,hudson.cli.DeleteJobCommandTest
0.00014862,jenkins_2.0,hudson.PluginManagerInstalledGUITest,hudson.PluginManagerInstalledGUITest
0.00005856,jenkins_2.0,lib.layout.RenderOnDemandTest,lib.layout.RenderOnDemandTest
0.00001512,jenkins_2.0,hudson.model.AutoCompletionCandidatesTest,hudson.model.AutoCompletionCandidatesTest
0.00000005,jenkins_2.0,hudson.BulkChangeTest,hudson.BulkChangeTest
0.00000052,jenkins_2.0,jenkins.model.JDKNameTest,jenkins.model.JDKNameTest
0.00007414,jenkins_2.0,hudson.model.SimpleJobTest,hudson.model.SimpleJobTest
0.00019900,jenkins_2.0,hudson.slaves.NodePropertyTest,hudson.slaves.NodePropertyTest
0.00014689,jenkins_2.0,org.jvnet.hudson.test.SleepBuilderTest,org.jvnet.hudson.test.SleepBuilderTest
0.00006948,jenkins_2.0,hudson.model.ComputerConfigDotXmlTest,hudson.model.ComputerConfigDotXmlTest
0.00002769,jenkins_2.0,org.jvnet.hudson.main.AppTest,org.jvnet.hudson.main.AppTest
0.00002623,jenkins_2.0,hudson.cli.EnableJobCommandTest,hudson.cli.EnableJobCommandTest
0.00000119,jenkins_2.0,jenkins.xml.XMLUtilsTest,jenkins.xml.XMLUtilsTest
0.00011307,jenkins_2.0,jenkins.model.JenkinsReloadConfigurationTest,jenkins.model.JenkinsReloadConfigurationTest
0.00004157,jenkins_2.0,hudson.FunctionsTest,hudson.FunctionsTest
0.00018366,jenkins_2.0,hudson.slaves.NodeProvisionerTest,hudson.slaves.NodeProvisionerTest
0.00014535,jenkins_2.0,hudson.model.PasswordParameterDefinitionTest,hudson.model.PasswordParameterDefinitionTest
0.00002050,jenkins_2.0,hudson.tools.BatchCommandInstallerTest,hudson.tools.BatchCommandInstallerTest
0.00009150,jenkins_2.0,hudson.model.ComputerTest,hudson.model.ComputerTest
0.00187480,jenkins_2.0,hudson.model.ViewTest,hudson.model.ViewTest
0.00000727,jenkins_2.0,jenkins.security.RSADigitalSignatureConfidentialKeyTest,jenkins.security.RSADigitalSignatureConfidentialKeyTest
0.00000012,jenkins_2.0,org.jvnet.hudson.test.MemoryAssertTest,org.jvnet.hudson.test.MemoryAssertTest
0.00003971,jenkins_2.0,jenkins.security.RekeySecretAdminMonitorTest,jenkins.security.RekeySecretAdminMonitorTest
0.00016155,jenkins_2.0,hudson.model.JobQueueTest,hudson.model.JobQueueTest
0.00005788,jenkins_2.0,hudson.cli.ViewManipulationTest,hudson.cli.ViewManipulationTest
0.00003218,jenkins_2.0,hudson.ProcStarterTest,hudson.ProcStarterTest
0.00000034,jenkins_2.0,hudson.util.SubClassGeneratorTest,hudson.util.SubClassGeneratorTest
0.00011499,jenkins_2.0,hudson.model.ComputerSetTest,hudson.model.ComputerSetTest
0.00012845,jenkins_2.0,hudson.model.DirectlyModifiableViewTest,hudson.model.DirectlyModifiableViewTest
0.00002675,jenkins_2.0,lib.form.EnumSetTest,lib.form.EnumSetTest
0.00037949,jenkins_2.0,hudson.ClassicPluginStrategyTest,hudson.ClassicPluginStrategyTest
0.00040053,jenkins_2.0,hudson.util.RingBufferLogHandlerTest,hudson.util.RingBufferLogHandlerTest
0.00012154,jenkins_2.0,hudson.model.queue.QueueTaskDispatcherTest,hudson.model.queue.QueueTaskDispatcherTest
0.00000022,jenkins_2.0,hudson.ProxyConfigurationTest,hudson.ProxyConfigurationTest
0.00000104,jenkins_2.0,hudson.EnvVarsTest,hudson.EnvVarsTest
0.00008438,jenkins_2.0,lib.layout.IconTest,lib.layout.IconTest
0.00005451,jenkins_2.0,jenkins.model.PeepholePermalinkTest,jenkins.model.PeepholePermalinkTest
0.00000023,jenkins_2.0,hudson.slaves.ComputerLauncherTest,hudson.slaves.ComputerLauncherTest
0.00002755,jenkins_2.0,lib.form.AdvancedButtonTest,lib.form.AdvancedButtonTest
0.00000684,jenkins_2.0,jenkins.security.RSAConfidentialKeyTest,jenkins.security.RSAConfidentialKeyTest
0.00000081,jenkins_2.0,hudson.model.BuildStatusSummaryTest,hudson.model.BuildStatusSummaryTest
0.00000105,jenkins_2.0,jenkins.security.HexStringConfidentialKeyTest,jenkins.security.HexStringConfidentialKeyTest
0.00007045,jenkins_2.0,hudson.model.DisplayNameTest,hudson.model.DisplayNameTest
0.00020387,jenkins_2.0,hudson.triggers.TriggerStartTest,hudson.triggers.TriggerStartTest
0.00000001,jenkins_2.0,hudson.util.LineEndNormalizingWriterTest,hudson.util.LineEndNormalizingWriterTest
0.00015009,jenkins_2.0,hudson.model.DependencyGraphTest,hudson.model.DependencyGraphTest
0.00012537,jenkins_2.0,hudson.model.DirectoryBrowserSupportTest,hudson.model.DirectoryBrowserSupportTest
0.00002275,jenkins_2.0,hudson.widgets.HistoryWidgetTest,hudson.widgets.HistoryWidgetTest
0.00002774,jenkins_2.0,hudson.model.listeners.ItemListenerTest,hudson.model.listeners.ItemListenerTest
0.00002846,jenkins_2.0,hudson.scm.ScmTest,hudson.scm.ScmTest
0.00031734,jenkins_2.0,hudson.security.ExtendedReadPermissionTest,hudson.security.ExtendedReadPermissionTest
0.00011764,jenkins_2.0,lib.form.RepeatablePropertyTest,lib.form.RepeatablePropertyTest
0.00053852,jenkins_2.0,hudson.tasks.MavenTest,hudson.tasks.MavenTest
0.00000006,jenkins_2.0,hudson.util.CyclicGraphDetectorTest,hudson.util.CyclicGraphDetectorTest
0.00002659,jenkins_2.0,org.jvnet.hudson.test.MockFolderTest,org.jvnet.hudson.test.MockFolderTest
0.00005346,jenkins_2.0,jenkins.security.DefaultFilePathFilterTest,jenkins.security.DefaultFilePathFilterTest
0.00000001,jenkins_2.0,hudson.triggers.TimerTriggerTest,hudson.triggers.TimerTriggerTest
0.00017912,jenkins_2.0,hudson.ProcTest,hudson.ProcTest
0.00030612,jenkins_2.0,hudson.FilePathTest,hudson.FilePathTest
0.00010465,jenkins_2.0,hudson.LauncherTest,hudson.LauncherTest
0.00013535,jenkins_2.0,hudson.cli.DeleteViewCommandTest,hudson.cli.DeleteViewCommandTest
0.00000084,jenkins_2.0,hudson.scheduler.CronTabEventualityTest,hudson.scheduler.CronTabEventualityTest
0.00002626,jenkins_2.0,lib.form.PasswordTest,lib.form.PasswordTest
0.00030699,jenkins_2.0,hudson.model.ParametersTest,hudson.model.ParametersTest
0.00004681,jenkins_2.0,hudson.cli.GetViewCommandTest,hudson.cli.GetViewCommandTest
0.00001145,jenkins_2.0,CorePropertiesTest,org.jvnet.hudson.test.PropertiesTestSuite$PropertiesTest
0.00002273,jenkins_2.0,hudson.util.RunListTest,hudson.util.RunListTest
0.00009275,jenkins_2.0,hudson.cli.DeleteNodeCommandTest,hudson.cli.DeleteNodeCommandTest
0.00000109,jenkins_2.0,hudson.scheduler.CronTabTest,hudson.scheduler.CronTabTest
0.00015367,jenkins_2.0,jenkins.security.FilePathSecureTest,jenkins.security.FilePathSecureTest
0.00000068,jenkins_2.0,hudson.util.XStream2EncodingTest,hudson.util.XStream2EncodingTest
0.00101434,jenkins_2.0,hudson.bugs.seasar.Operation2174Test,hudson.bugs.seasar.Operation2174Test
0.00000003,jenkins_2.0,hudson.util.IsOverriddenTest,hudson.util.IsOverriddenTest
0.00002458,jenkins_2.0,hudson.util.LineEndingConversionTest,hudson.util.LineEndingConversionTest
0.00004468,jenkins_2.0,hudson.model.SlaveTest,hudson.model.SlaveTest
0.00012916,jenkins_2.0,hudson.model.ParametersDefinitionPropertyTest,hudson.model.ParametersDefinitionPropertyTest
0.00007160,jenkins_2.0,hudson.diagnosis.HudsonHomeDiskUsageMonitorTest,hudson.diagnosis.HudsonHomeDiskUsageMonitorTest
0.00018340,jenkins_2.0,hudson.security.HudsonPrivateSecurityRealmTest,hudson.security.HudsonPrivateSecurityRealmTest
0.00003870,jenkins_2.0,lib.form.ApplyButtonTest,lib.form.ApplyButtonTest
0.00022481,jenkins_2.0,hudson.model.labels.LabelExpressionTest,hudson.model.labels.LabelExpressionTest
0.00001309,jenkins_2.0,hudson.model.EnvironmentContributorTest,hudson.model.EnvironmentContributorTest
0.00040904,jenkins_2.0,hudson.cli.BuildCommandTest,hudson.cli.BuildCommandTest
0.00011667,jenkins_2.0,jenkins.security.Security218CliTest,jenkins.security.Security218CliTest
0.00031493,jenkins_2.0,hudson.cli.ComputerStateTest,hudson.cli.ComputerStateTest
0.00001390,jenkins_2.0,hudson.model.UpdateCenterTest,hudson.model.UpdateCenterTest
0.00039549,jenkins_2.0,lib.hudson.ListScmBrowsersTest,lib.hudson.ListScmBrowsersTest
0.00005096,jenkins_2.0,hudson.tasks.UserAvatarResolverTest,hudson.tasks.UserAvatarResolverTest
0.00003236,jenkins_2.0,hudson.model.queue.LoadPredictorTest,hudson.model.queue.LoadPredictorTest
0.00001560,jenkins_2.0,jenkins.model.ExtensionTypeHierarchyTest,jenkins.model.ExtensionTypeHierarchyTest
0.00000014,jenkins_2.0,hudson.model.ChoiceParameterDefinitionTest,hudson.model.ChoiceParameterDefinitionTest
0.00087939,jenkins_2.0,hudson.PluginManagerTest,hudson.PluginManagerTest
0.00000153,jenkins_2.0,hudson.util.XStream2Test,hudson.util.XStream2Test
0.00002378,jenkins_2.0,jenkins.model.ContextMenuTest,jenkins.model.ContextMenuTest
0.00005613,jenkins_2.0,hudson.model.DownloadServiceTest,hudson.model.DownloadServiceTest
0.00014098,jenkins_2.0,hudson.diagnosis.TooManyJobsButNoViewTest,hudson.diagnosis.TooManyJobsButNoViewTest
0.00001625,jenkins_2.0,hudson.init.impl.GroovyInitScriptTest,hudson.init.impl.GroovyInitScriptTest
0.00011297,jenkins_2.0,hudson.cli.CLIActionTest,hudson.cli.CLIActionTest
0.00000064,jenkins_2.0,jenkins.util.xstream.XStreamDOMTest,jenkins.util.xstream.XStreamDOMTest
0.00023057,jenkins_2.0,hudson.model.MyViewsPropertyTest,hudson.model.MyViewsPropertyTest
0.00010409,jenkins_2.0,org.jvnet.hudson.test.HudsonTestCaseShutdownSlaveTest,org.jvnet.hudson.test.HudsonTestCaseShutdownSlaveTest
0.00002497,jenkins_2.0,pluginSetupWizard.js,pluginSetupWizard.js
0.00004791,jenkins_2.0,hudson.ExtensionListListenerTest,hudson.ExtensionListListenerTest
0.00002932,jenkins_2.0,lib.layout.LayoutTest,lib.layout.LayoutTest
0.00017262,jenkins_2.0,hudson.tasks.FingerprinterTest,hudson.tasks.FingerprinterTest
0.00098161,jenkins_2.0,hudson.model.HelpLinkTest,hudson.model.HelpLinkTest
0.00040877,jenkins_2.0,hudson.model.DescriptorTest,hudson.model.DescriptorTest
0.00001873,jenkins_2.0,hudson.diagnosis.ReverseProxySetupMonitorTest,hudson.diagnosis.ReverseProxySetupMonitorTest
0.00001988,jenkins_2.0,hudson.model.AbstractItemTest,hudson.model.AbstractItemTest
0.00010825,jenkins_2.0,hudson.GroovyTest,hudson.GroovyTest
0.00016837,jenkins_2.0,hudson.model.MyViewTest,hudson.model.MyViewTest
0.00005337,jenkins_2.0,hudson.tools.InstallerTranslatorTest,hudson.tools.InstallerTranslatorTest
0.00016177,jenkins_2.0,hudson.cli.OnlineNodeCommandTest,hudson.cli.OnlineNodeCommandTest
0.00000407,jenkins_2.0,hudson.bugs.DateConversionTest,hudson.bugs.DateConversionTest
0.00003078,jenkins_2.0,hudson.model.ItemsTest,hudson.model.ItemsTest
0.00016622,jenkins_2.0,jenkins.model.BuildDiscarderPropertyTest,jenkins.model.BuildDiscarderPropertyTest
0.00014066,jenkins_2.0,hudson.triggers.SCMTriggerTest,hudson.triggers.SCMTriggerTest
0.00016729,jenkins_2.0,hudson.model.ApiTest,hudson.model.ApiTest
0.00014655,jenkins_2.0,hudson.model.FingerprintTest,hudson.model.FingerprintTest
0.00000192,jenkins_2.0,jenkins.security.HMACConfidentialKeyTest,jenkins.security.HMACConfidentialKeyTest
0.00002394,jenkins_2.0,hudson.node_monitors.ClockMonitorDescriptorTest,hudson.node_monitors.ClockMonitorDescriptorTest
0.00002527,jenkins_2.0,hudson.PluginTest,hudson.PluginTest
0.00004256,jenkins_2.0,hudson.security.PermissionGroupTest,hudson.security.PermissionGroupTest
0.00018535,jenkins_2.0,jenkins.security.SecurityContextExecutorServiceTest,jenkins.security.SecurityContextExecutorServiceTest
0.00000006,jenkins_2.0,hudson.util.QuotedStringTokenizerTest,hudson.util.QuotedStringTokenizerTest
0.00046925,jenkins_2.0,hudson.model.JobPropertyTest,hudson.model.JobPropertyTest
0.00001333,jenkins_2.0,hudson.cli.ListJobsCommandTest,hudson.cli.ListJobsCommandTest
0.00000351,jenkins_2.0,jenkins.security.DefaultConfidentialStoreTest,jenkins.security.DefaultConfidentialStoreTest
0.00025998,jenkins_2.0,jenkins.security.ApiTokenPropertyTest,jenkins.security.ApiTokenPropertyTest
0.00009596,jenkins_2.0,hudson.model.UpdateCenterConnectionStatusTest,hudson.model.UpdateCenterConnectionStatusTest
0.00001581,jenkins_2.0,hudson.tools.CommandInstallerTest,hudson.tools.CommandInstallerTest
0.00000007,jenkins_2.0,hudson.util.IteratorsTest,hudson.util.IteratorsTest
0.00001497,jenkins_2.0,hudson.model.queue.WideExecutionTest,hudson.model.queue.WideExecutionTest
0.00003992,jenkins_2.0,hudson.model.AbortedFreeStyleBuildTest,hudson.model.AbortedFreeStyleBuildTest
0.00009001,jenkins_2.0,jenkins.model.JenkinsLocationConfigurationTest,jenkins.model.JenkinsLocationConfigurationTest
0.00000001,jenkins_2.0,hudson.model.FileParameterValueTest,hudson.model.FileParameterValueTest
0.00000007,jenkins_2.0,hudson.util.PackedMapTest,hudson.util.PackedMapTest
0.00000060,jenkins_2.0,jenkins.model.RunIdMigratorTest,jenkins.model.RunIdMigratorTest
0.00014558,jenkins_lts_branch,hudson.util.RobustReflectionConverterTest,hudson.util.RobustReflectionConverterTest
0.00006162,jenkins_lts_branch,scripts.BehaviorTest,scripts.BehaviorTest
0.00000047,jenkins_lts_branch,hudson.model.TaskActionTest,hudson.model.TaskActionTest
0.00000334,jenkins_lts_branch,hudson.logging.LogRecorderTest,hudson.logging.LogRecorderTest
0.00000179,jenkins_lts_branch,hudson.util.SecretTest,hudson.util.SecretTest
0.00011023,jenkins_lts_branch,hudson.cli.ReloadJobCommandTest,hudson.cli.ReloadJobCommandTest
0.00001251,jenkins_lts_branch,hudson.HtmlEscapeTest,hudson.HtmlEscapeTest
0.00000006,jenkins_lts_branch,hudson.model.RunParameterValueTest,hudson.model.RunParameterValueTest
0.00005652,jenkins_lts_branch,hudson.util.AlternativeUiTextProviderTest,hudson.util.AlternativeUiTextProviderTest
0.00012581,jenkins_lts_branch,hudson.slaves.JNLPLauncherTest,hudson.slaves.JNLPLauncherTest
0.00002601,jenkins_lts_branch,hudson.model.LabelLoadStatisticsQueueLengthTest,hudson.model.LabelLoadStatisticsQueueLengthTest
0.00005162,jenkins_lts_branch,lib.form.RowVisibilityGroupTest,lib.form.RowVisibilityGroupTest
0.00022231,jenkins_lts_branch,hudson.security.HudsonPrivateSecurityRealm2Test,hudson.security.HudsonPrivateSecurityRealm2Test
0.00006336,jenkins_lts_branch,hudson.ExtensionListTest,hudson.ExtensionListTest
0.00041659,jenkins_lts_branch,hudson.model.ListViewTest,hudson.model.ListViewTest
0.00001138,jenkins_lts_branch,hudson.model.ViewJobTest,hudson.model.ViewJobTest
0.00002687,jenkins_lts_branch,hudson.console.ConsoleLogFilterTest,hudson.console.ConsoleLogFilterTest
0.00001990,jenkins_lts_branch,lib.form.NameRefTest,lib.form.NameRefTest
0.00002696,jenkins_lts_branch,hudson.RelativePathTest,hudson.RelativePathTest
0.00005682,jenkins_lts_branch,hudson.util.ProcessTreeKillerTest,hudson.util.ProcessTreeKillerTest
0.00000860,jenkins_lts_branch,hudson.util.SecretRewriterTest,hudson.util.SecretRewriterTest
0.00002624,jenkins_lts_branch,jenkins.model.UnlabeledLoadStatisticsTest,jenkins.model.UnlabeledLoadStatisticsTest
0.00060381,jenkins_lts_branch,hudson.model.UserTest,hudson.model.UserTest
0.00003774,jenkins_lts_branch,jenkins.security.Security177Test,jenkins.security.Security177Test
0.00012009,jenkins_lts_branch,hudson.model.UpdateCenter2Test,hudson.model.UpdateCenter2Test
0.00000308,jenkins_lts_branch,hudson.cli.PrivateKeyProviderTest,hudson.cli.PrivateKeyProviderTest
0.00003726,jenkins_lts_branch,hudson.cli.GetNodeCommandTest,hudson.cli.GetNodeCommandTest
0.00000943,jenkins_lts_branch,hudson.util.io.TarArchiverTest,hudson.util.io.TarArchiverTest
0.00001015,jenkins_lts_branch,hudson.cli.GetJobCommandTest,hudson.cli.GetJobCommandTest
0.00000001,jenkins_lts_branch,hudson.model.TimeSeriesTest,hudson.model.TimeSeriesTest
0.00026118,jenkins_lts_branch,hudson.security.LoginTest,hudson.security.LoginTest
0.00004233,jenkins_lts_branch,hudson.model.FreestyleJobPublisherTest,hudson.model.FreestyleJobPublisherTest
0.00004272,jenkins_lts_branch,hudson.cli.UpdateViewCommandTest,hudson.cli.UpdateViewCommandTest
0.00007220,jenkins_lts_branch,hudson.bugs.LoginRedirectTest,hudson.bugs.LoginRedirectTest
0.00022155,jenkins_lts_branch,hudson.cli.SetBuildParameterCommandTest,hudson.cli.SetBuildParameterCommandTest
0.00001707,jenkins_lts_branch,hudson.cli.handlers.ViewOptionHandlerTest,hudson.cli.handlers.ViewOptionHandlerTest
0.00003262,jenkins_lts_branch,hudson.util.ArgumentListBuilder2Test,hudson.util.ArgumentListBuilder2Test
0.00000001,jenkins_lts_branch,jenkins.model.lazy.SortedListTest,jenkins.model.lazy.SortedListTest
0.00000000,jenkins_lts_branch,CoreJellyTest,org.jvnet.hudson.test.junit.FailedTest
0.00000118,jenkins_lts_branch,hudson.util.TextFileTest,hudson.util.TextFileTest
0.00000778,jenkins_lts_branch,jenkins.ExtensionFilterTest,jenkins.ExtensionFilterTest
0.00011924,jenkins_lts_branch,hudson.bugs.JnlpAccessWithSecuredHudsonTest,hudson.bugs.JnlpAccessWithSecuredHudsonTest
0.00053461,jenkins_lts_branch,lib.form.TextAreaTest,lib.form.TextAreaTest
0.00005090,jenkins_lts_branch,lib.layout.TaskTest,lib.layout.TaskTest
0.00000720,jenkins_lts_branch,hudson.slaves.NodeListTest,hudson.slaves.NodeListTest
0.00006120,jenkins_lts_branch,hudson.tasks.LogRotatorTest,hudson.tasks.LogRotatorTest
0.00002150,jenkins_lts_branch,hudson.ExceptionTest,hudson.ExceptionTest
0.00016793,jenkins_lts_branch,hudson.console.ConsoleAnnotatorTest,hudson.console.ConsoleAnnotatorTest
0.00000660,jenkins_lts_branch,hudson.util.io.ZipArchiverTest,hudson.util.io.ZipArchiverTest
0.00020306,jenkins_lts_branch,hudson.model.WorkspaceCleanupThreadTest,hudson.model.WorkspaceCleanupThreadTest
0.00016248,jenkins_lts_branch,hudson.tools.JDKInstallerTest,hudson.tools.JDKInstallerTest
0.00007714,jenkins_lts_branch,hudson.cli.CreateNodeCommandTest,hudson.cli.CreateNodeCommandTest
0.00000229,jenkins_lts_branch,hudson.util.FormValidationTest,hudson.util.FormValidationTest
0.00000067,jenkins_lts_branch,hudson.util.DirScannerTest,hudson.util.DirScannerTest
0.00001286,jenkins_lts_branch,hudson.model.UsageStatisticsTest,hudson.model.UsageStatisticsTest
0.00011149,jenkins_lts_branch,hudson.jobs.CreateItemTest,hudson.jobs.CreateItemTest
0.00005208,jenkins_lts_branch,hudson.model.ItemGroupMixInTest,hudson.model.ItemGroupMixInTest
0.00000896,jenkins_lts_branch,jenkins.model.JenkinsDescriptorTest,jenkins.model.JenkinsDescriptorTest
0.00011027,jenkins_lts_branch,hudson.markup.MarkupFormatterTest,hudson.markup.MarkupFormatterTest
0.00010253,jenkins_lts_branch,hudson.tasks.ArtifactArchiverTest,hudson.tasks.ArtifactArchiverTest
0.00004022,jenkins_lts_branch,hudson.model.AsynchPeopleTest,hudson.model.AsynchPeopleTest
0.00002227,jenkins_lts_branch,hudson.tasks.BatchFileTest,hudson.tasks.BatchFileTest
0.00000613,jenkins_lts_branch,hudson.model.ParametersActionTest,hudson.model.ParametersActionTest
0.00002387,jenkins_lts_branch,hudson.UDPBroadcastThreadTest,hudson.UDPBroadcastThreadTest
0.00014848,jenkins_lts_branch,hudson.slaves.NodeCanTakeTaskTest,hudson.slaves.NodeCanTakeTaskTest
0.00040402,jenkins_lts_branch,hudson.model.FreeStyleProjectTest,hudson.model.FreeStyleProjectTest
0.00001890,jenkins_lts_branch,hudson.util.ConsistentHashTest,hudson.util.ConsistentHashTest
0.00005130,jenkins_lts_branch,hudson.tasks.ShellTest,hudson.tasks.ShellTest
0.00000001,jenkins_lts_branch,jenkins.model.lazy.SortedIntListTest,jenkins.model.lazy.SortedIntListTest
0.00011657,jenkins_lts_branch,lib.form.ComboBoxTest,lib.form.ComboBoxTest
0.00002256,jenkins_lts_branch,org.jvnet.hudson.test.JenkinsRuleTest,org.jvnet.hudson.test.JenkinsRuleTest
0.00023437,jenkins_lts_branch,hudson.slaves.EnvironmentVariableNodePropertyTest,hudson.slaves.EnvironmentVariableNodePropertyTest
0.00000800,jenkins_lts_branch,jenkins.model.JenkinsGetRootUrlTest,jenkins.model.JenkinsGetRootUrlTest
0.00017109,jenkins_lts_branch,hudson.scm.ChangeLogSetTest,hudson.scm.ChangeLogSetTest
0.00004112,jenkins_lts_branch,hudson.console.UrlAnnotatorTest,hudson.console.UrlAnnotatorTest
0.00000082,jenkins_lts_branch,jenkins.widgets.HistoryPageFilterTest,jenkins.widgets.HistoryPageFilterTest
0.00002146,jenkins_lts_branch,lib.form.DropdownListTest,lib.form.DropdownListTest
0.00002541,jenkins_lts_branch,hudson.model.GetEnvironmentOutsideBuildTest,hudson.model.GetEnvironmentOutsideBuildTest
0.00002226,jenkins_lts_branch,hudson.cli.GroovyshCommandTest,hudson.cli.GroovyshCommandTest
0.00000260,jenkins_lts_branch,hudson.cli.ConnectionMockTest,hudson.cli.ConnectionMockTest
0.00000147,jenkins_lts_branch,jenkins.RemotingJarSignatureTest,jenkins.RemotingJarSignatureTest
0.00005314,jenkins_lts_branch,hudson.model.UserPropertyTest,hudson.model.UserPropertyTest
0.00002412,jenkins_lts_branch,lib.form.ValidateButtonTest,lib.form.ValidateButtonTest
0.00001071,jenkins_lts_branch,jenkins.slaves.DefaultJnlpSlaveReceiverTest,jenkins.slaves.DefaultJnlpSlaveReceiverTest
0.00006567,jenkins_lts_branch,jenkins.security.BasicHeaderProcessorTest,jenkins.security.BasicHeaderProcessorTest
0.00004716,jenkins_lts_branch,hudson.cli.CopyJobCommandTest,hudson.cli.CopyJobCommandTest
0.00005100,jenkins_lts_branch,hudson.ExtensionFinderTest,hudson.ExtensionFinderTest
0.00005359,jenkins_lts_branch,hudson.cli.UpdateNodeCommandTest,hudson.cli.UpdateNodeCommandTest
0.00016741,jenkins_lts_branch,hudson.security.TokenBasedRememberMeServices2Test,hudson.security.TokenBasedRememberMeServices2Test
0.00083163,jenkins_lts_branch,hudson.tasks.BuildTriggerTest,hudson.tasks.BuildTriggerTest
0.00001700,jenkins_lts_branch,lib.form.ExpandableTextboxTest,lib.form.ExpandableTextboxTest
0.00000019,jenkins_lts_branch,hudson.util.CopyOnWriteListTest,hudson.util.CopyOnWriteListTest
0.00000009,jenkins_lts_branch,hudson.util.ArgumentListBuilderTest,hudson.util.ArgumentListBuilderTest
0.00005788,jenkins_lts_branch,jenkins.model.lazy.LazyBuildMixInTest,jenkins.model.lazy.LazyBuildMixInTest
0.00072819,jenkins_lts_branch,jenkins.triggers.ReverseBuildTriggerTest,jenkins.triggers.ReverseBuildTriggerTest
0.00029394,jenkins_lts_branch,hudson.tools.ToolLocationNodePropertyTest,hudson.tools.ToolLocationNodePropertyTest
0.00000003,jenkins_lts_branch,hudson.MarkupTextTest,hudson.MarkupTextTest
0.00033831,jenkins_lts_branch,hudson.util.FormFieldValidatorTest,hudson.util.FormFieldValidatorTest
0.00035782,jenkins_lts_branch,jenkins.scm.SCMCheckoutStrategyTest,jenkins.scm.SCMCheckoutStrategyTest
0.00004057,jenkins_lts_branch,hudson.model.labels.LabelAtomPropertyTest,hudson.model.labels.LabelAtomPropertyTest
0.00000044,jenkins_lts_branch,jenkins.ResilientJsonObjectTest,jenkins.ResilientJsonObjectTest
0.00044376,jenkins_lts_branch,hudson.search.SearchTest,hudson.search.SearchTest
0.00000079,jenkins_lts_branch,jenkins.model.lazy.AbstractLazyLoadRunMapTest,jenkins.model.lazy.AbstractLazyLoadRunMapTest
0.00001873,jenkins_lts_branch,hudson.cli.SetBuildDisplayNameCommandTest,hudson.cli.SetBuildDisplayNameCommandTest
0.00001005,jenkins_lts_branch,hudson.model.BuildExecutionTest,hudson.model.BuildExecutionTest
0.00001755,jenkins_lts_branch,jenkins.model.CoreEnvironmentContributorTest,jenkins.model.CoreEnvironmentContributorTest
0.00000028,jenkins_lts_branch,jenkins.util.TreeStringBuilderTest,jenkins.util.TreeStringBuilderTest
0.00000396,jenkins_lts_branch,hudson.UtilTest,hudson.UtilTest
0.00000000,jenkins_lts_branch,hudson.model.BallColorTest,hudson.model.BallColorTest
0.00009360,jenkins_lts_branch,hudson.diagnosis.OldDataMonitorTest,hudson.diagnosis.OldDataMonitorTest
0.00004052,jenkins_lts_branch,hudson.model.RunTest,hudson.model.RunTest
0.00045353,jenkins_lts_branch,hudson.model.HudsonTest,hudson.model.HudsonTest
0.00003627,jenkins_lts_branch,hudson.node_monitors.DiskSpaceMonitorDescriptorTest,hudson.node_monitors.DiskSpaceMonitorDescriptorTest
0.00009096,jenkins_lts_branch,CoreJellyTest,org.jvnet.hudson.test.JellyTestSuiteBuilder$JellyCheck
0.00000389,jenkins_lts_branch,hudson.model.listeners.SCMListenerTest,hudson.model.listeners.SCMListenerTest
0.00139758,jenkins_lts_branch,hudson.model.AbstractProjectTest,hudson.model.AbstractProjectTest
0.00011384,jenkins_lts_branch,jenkins.model.MasterBuildConfigurationTest,jenkins.model.MasterBuildConfigurationTest
0.00100802,jenkins_lts_branch,hudson.model.ProjectTest,hudson.model.ProjectTest
0.00143116,jenkins_lts_branch,hudson.model.QueueTest,hudson.model.QueueTest
0.00152263,jenkins_lts_branch,hudson.model.JobTest,hudson.model.JobTest
0.00034277,jenkins_lts_branch,org.jvnet.hudson.main.UseRecipesWithJenkinsRuleTest,org.jvnet.hudson.main.UseRecipesWithJenkinsRuleTest
0.00002589,jenkins_lts_branch,hudson.console.ExceptionAnnotationTest,hudson.console.ExceptionAnnotationTest
0.00001147,jenkins_lts_branch,jenkins.model.TransientActionFactoryTest,jenkins.model.TransientActionFactoryTest
0.00012903,jenkins_lts_branch,hudson.util.BootFailureTest,hudson.util.BootFailureTest
0.00000013,jenkins_lts_branch,jenkins.util.TimerTest,jenkins.util.TimerTest
0.00002932,jenkins_lts_branch,lib.hudson.ActionsTest,lib.hudson.ActionsTest
0.00000002,jenkins_lts_branch,jenkins.util.VirtualFileTest,jenkins.util.VirtualFileTest
0.00050325,jenkins_lts_branch,hudson.model.NodeTest,hudson.model.NodeTest
0.00000003,jenkins_lts_branch,jenkins.util.MarkFindingOutputStreamTest,jenkins.util.MarkFindingOutputStreamTest
0.00001475,jenkins_lts_branch,hudson.tools.ToolLocationTest,hudson.tools.ToolLocationTest
0.00062181,jenkins_lts_branch,jenkins.model.JenkinsTest,jenkins.model.JenkinsTest
0.00012734,jenkins_lts_branch,hudson.model.AbstractBuildTest,hudson.model.AbstractBuildTest
0.00038079,jenkins_lts_branch,hudson.model.ManagementLinkTest,hudson.model.ManagementLinkTest
0.00012361,jenkins_lts_branch,jenkins.bugs.Jenkins19124Test,jenkins.bugs.Jenkins19124Test
0.00000001,jenkins_lts_branch,hudson.tasks._maven.Maven3MojoNoteTest,hudson.tasks._maven.Maven3MojoNoteTest
0.00003456,jenkins_lts_branch,hudson.model.CauseTest,hudson.model.CauseTest
0.00000014,jenkins_lts_branch,jenkins.security.CryptoConfidentialKeyTest,jenkins.security.CryptoConfidentialKeyTest
0.00000045,jenkins_lts_branch,hudson.util.CopyOnWriteMapTest,hudson.util.CopyOnWriteMapTest
0.00001019,jenkins_lts_branch,hudson.scheduler.CronTabDayOfWeekLocaleTest,hudson.scheduler.CronTabDayOfWeekLocaleTest
0.00000000,jenkins_lts_branch,hudson.util.MultipartFormDataParserTest,hudson.util.MultipartFormDataParserTest
0.00013340,jenkins_lts_branch,hudson.model.ExecutorTest,hudson.model.ExecutorTest
0.00004586,jenkins_lts_branch,hudson.model.UpdateSiteTest,hudson.model.UpdateSiteTest
0.00001782,jenkins_lts_branch,hudson.cli.CreateJobCommandTest,hudson.cli.CreateJobCommandTest
0.00008929,jenkins_lts_branch,hudson.cli.HelpCommandTest,hudson.cli.HelpCommandTest
0.00009113,jenkins_lts_branch,jenkins.widgets.BuildListTableTest,jenkins.widgets.BuildListTableTest
0.00006788,jenkins_lts_branch,jenkins.tasks.SimpleBuildWrapperTest,jenkins.tasks.SimpleBuildWrapperTest
0.00021696,jenkins_lts_branch,hudson.model.RunParameterDefinitionTest,hudson.model.RunParameterDefinitionTest
0.00005806,jenkins_lts_branch,jenkins.security.FrameOptionsPageDecoratorTest,jenkins.security.FrameOptionsPageDecoratorTest
0.00000830,jenkins_lts_branch,hudson.model.LoadStatisticsTest,hudson.model.LoadStatisticsTest
0.00035693,jenkins_lts_branch,lib.form.RepeatableTest,lib.form.RepeatableTest
0.00000042,jenkins_lts_branch,hudson.model.ResourceListTest,hudson.model.ResourceListTest
0.00003347,jenkins_lts_branch,hudson.model.RunMapTest,hudson.model.RunMapTest
0.00009098,jenkins_lts_branch,hudson.logging.LogRecorderManagerTest,hudson.logging.LogRecorderManagerTest
0.00023823,jenkins_lts_branch,hudson.model.ViewPropertyTest,hudson.model.ViewPropertyTest
0.00005970,jenkins_lts_branch,hudson.views.ListViewColumnTest,hudson.views.ListViewColumnTest
0.00064321,jenkins_lts_branch,hudson.security.csrf.DefaultCrumbIssuerTest,hudson.security.csrf.DefaultCrumbIssuerTest
0.00001622,jenkins_lts_branch,hudson.slaves.CommandLauncherTest,hudson.slaves.CommandLauncherTest
0.00000642,jenkins_lts_branch,jenkins.util.AtmostOneTaskExecutorTest,jenkins.util.AtmostOneTaskExecutorTest
0.00012778,jenkins_lts_branch,jenkins.security.Security218BlackBoxTest,jenkins.security.Security218BlackBoxTest
0.00003110,jenkins_lts_branch,hudson.model.AbstractItemSecurityTest,hudson.model.AbstractItemSecurityTest
0.00001490,jenkins_lts_branch,hudson.FileSystemProvisionerTest,hudson.FileSystemProvisionerTest
0.00000413,jenkins_lts_branch,hudson.util.ProcessTreeTest,hudson.util.ProcessTreeTest
0.00002403,jenkins_lts_branch,lib.form.RowSetTest,lib.form.RowSetTest
0.00000028,jenkins_lts_branch,hudson.util.io.ReopenableRotatingFileOutputStreamTest,hudson.util.io.ReopenableRotatingFileOutputStreamTest
0.00001344,jenkins_lts_branch,hudson.cli.CLIRegistererTest,hudson.cli.CLIRegistererTest
0.00000000,jenkins_lts_branch,hudson.model.AutoCompleteSeederTest,hudson.model.AutoCompleteSeederTest
0.00000003,jenkins_lts_branch,hudson.model.DisplayNameListenerTest,hudson.model.DisplayNameListenerTest
0.00034652,jenkins_lts_branch,hudson.tasks.EnvVarsInConfigTasksTest,hudson.tasks.EnvVarsInConfigTasksTest
0.00019076,jenkins_lts_branch,hudson.security.CliAuthenticationTest,hudson.security.CliAuthenticationTest
0.00025127,jenkins_lts_branch,org.jvnet.hudson.main.JenkinsRuleTimeoutTest,org.jvnet.hudson.main.JenkinsRuleTimeoutTest
0.00000003,jenkins_lts_branch,hudson.model.ActionableTest,hudson.model.ActionableTest
0.00007550,jenkins_lts_branch,hudson.cli.CreateViewCommandTest,hudson.cli.CreateViewCommandTest
0.00000186,jenkins_lts_branch,hudson.cli.ConnectionTest,hudson.cli.ConnectionTest
0.00002387,jenkins_lts_branch,hudson.slaves.ComputerConnectorTest,hudson.slaves.ComputerConnectorTest
0.00003525,jenkins_lts_branch,hudson.model.DownloadService2Test,hudson.model.DownloadService2Test
0.00005117,jenkins_lts_branch,jenkins.security.Security218Test,jenkins.security.Security218Test
0.00000679,jenkins_lts_branch,jenkins.model.StartupTest,jenkins.model.StartupTest
0.00011468,jenkins_lts_branch,hudson.pages.SystemConfigurationTestCase,hudson.pages.SystemConfigurationTestCase
0.00010545,jenkins_lts_branch,hudson.cli.DeleteJobCommandTest,hudson.cli.DeleteJobCommandTest
0.00013061,jenkins_lts_branch,hudson.PluginManagerInstalledGUITest,hudson.PluginManagerInstalledGUITest
0.00005389,jenkins_lts_branch,lib.layout.RenderOnDemandTest,lib.layout.RenderOnDemandTest
0.00001152,jenkins_lts_branch,hudson.model.AutoCompletionCandidatesTest,hudson.model.AutoCompletionCandidatesTest
0.00000002,jenkins_lts_branch,hudson.BulkChangeTest,hudson.BulkChangeTest
0.00000054,jenkins_lts_branch,jenkins.model.JDKNameTest,jenkins.model.JDKNameTest
0.00005201,jenkins_lts_branch,hudson.model.SimpleJobTest,hudson.model.SimpleJobTest
0.00022233,jenkins_lts_branch,hudson.slaves.NodePropertyTest,hudson.slaves.NodePropertyTest
0.00013539,jenkins_lts_branch,org.jvnet.hudson.test.SleepBuilderTest,org.jvnet.hudson.test.SleepBuilderTest
0.00006193,jenkins_lts_branch,hudson.model.ComputerConfigDotXmlTest,hudson.model.ComputerConfigDotXmlTest
0.00002718,jenkins_lts_branch,org.jvnet.hudson.main.AppTest,org.jvnet.hudson.main.AppTest
0.00002712,jenkins_lts_branch,hudson.cli.EnableJobCommandTest,hudson.cli.EnableJobCommandTest
0.00000111,jenkins_lts_branch,jenkins.xml.XMLUtilsTest,jenkins.xml.XMLUtilsTest
0.00009931,jenkins_lts_branch,jenkins.model.JenkinsReloadConfigurationTest,jenkins.model.JenkinsReloadConfigurationTest
0.00004347,jenkins_lts_branch,hudson.FunctionsTest,hudson.FunctionsTest
0.00022485,jenkins_lts_branch,hudson.slaves.NodeProvisionerTest,hudson.slaves.NodeProvisionerTest
0.00014634,jenkins_lts_branch,hudson.model.PasswordParameterDefinitionTest,hudson.model.PasswordParameterDefinitionTest
0.00000860,jenkins_lts_branch,hudson.tools.BatchCommandInstallerTest,hudson.tools.BatchCommandInstallerTest
0.00003340,jenkins_lts_branch,hudson.model.ComputerTest,hudson.model.ComputerTest
0.00182744,jenkins_lts_branch,hudson.model.ViewTest,hudson.model.ViewTest
0.00001219,jenkins_lts_branch,jenkins.security.RSADigitalSignatureConfidentialKeyTest,jenkins.security.RSADigitalSignatureConfidentialKeyTest
0.00000019,jenkins_lts_branch,org.jvnet.hudson.test.MemoryAssertTest,org.jvnet.hudson.test.MemoryAssertTest
0.00003045,jenkins_lts_branch,jenkins.security.RekeySecretAdminMonitorTest,jenkins.security.RekeySecretAdminMonitorTest
0.00015346,jenkins_lts_branch,hudson.model.JobQueueTest,hudson.model.JobQueueTest
0.00005955,jenkins_lts_branch,hudson.cli.ViewManipulationTest,hudson.cli.ViewManipulationTest
0.00002331,jenkins_lts_branch,hudson.ProcStarterTest,hudson.ProcStarterTest
0.00000257,jenkins_lts_branch,hudson.util.SubClassGeneratorTest,hudson.util.SubClassGeneratorTest
0.00012666,jenkins_lts_branch,hudson.model.ComputerSetTest,hudson.model.ComputerSetTest
0.00010787,jenkins_lts_branch,hudson.model.DirectlyModifiableViewTest,hudson.model.DirectlyModifiableViewTest
0.00002332,jenkins_lts_branch,lib.form.EnumSetTest,lib.form.EnumSetTest
0.00036389,jenkins_lts_branch,hudson.ClassicPluginStrategyTest,hudson.ClassicPluginStrategyTest
0.00040358,jenkins_lts_branch,hudson.util.RingBufferLogHandlerTest,hudson.util.RingBufferLogHandlerTest
0.00012262,jenkins_lts_branch,hudson.model.queue.QueueTaskDispatcherTest,hudson.model.queue.QueueTaskDispatcherTest
0.00000031,jenkins_lts_branch,hudson.ProxyConfigurationTest,hudson.ProxyConfigurationTest
0.00000118,jenkins_lts_branch,hudson.EnvVarsTest,hudson.EnvVarsTest
0.00006751,jenkins_lts_branch,lib.layout.IconTest,lib.layout.IconTest
0.00003745,jenkins_lts_branch,jenkins.model.PeepholePermalinkTest,jenkins.model.PeepholePermalinkTest
0.00000027,jenkins_lts_branch,hudson.slaves.ComputerLauncherTest,hudson.slaves.ComputerLauncherTest
0.00002844,jenkins_lts_branch,lib.form.AdvancedButtonTest,lib.form.AdvancedButtonTest
0.00000451,jenkins_lts_branch,jenkins.security.RSAConfidentialKeyTest,jenkins.security.RSAConfidentialKeyTest
0.00000103,jenkins_lts_branch,hudson.model.BuildStatusSummaryTest,hudson.model.BuildStatusSummaryTest
0.00000344,jenkins_lts_branch,jenkins.security.HexStringConfidentialKeyTest,jenkins.security.HexStringConfidentialKeyTest
0.00004722,jenkins_lts_branch,hudson.model.DisplayNameTest,hudson.model.DisplayNameTest
0.00018425,jenkins_lts_branch,hudson.triggers.TriggerStartTest,hudson.triggers.TriggerStartTest
0.00000001,jenkins_lts_branch,hudson.util.LineEndNormalizingWriterTest,hudson.util.LineEndNormalizingWriterTest
0.00013882,jenkins_lts_branch,hudson.model.DependencyGraphTest,hudson.model.DependencyGraphTest
0.00012029,jenkins_lts_branch,hudson.model.DirectoryBrowserSupportTest,hudson.model.DirectoryBrowserSupportTest
0.00001169,jenkins_lts_branch,hudson.widgets.HistoryWidgetTest,hudson.widgets.HistoryWidgetTest
0.00002828,jenkins_lts_branch,hudson.model.listeners.ItemListenerTest,hudson.model.listeners.ItemListenerTest
0.00019380,jenkins_lts_branch,hudson.scm.ScmTest,hudson.scm.ScmTest
0.00032047,jenkins_lts_branch,hudson.security.ExtendedReadPermissionTest,hudson.security.ExtendedReadPermissionTest
0.00009020,jenkins_lts_branch,lib.form.RepeatablePropertyTest,lib.form.RepeatablePropertyTest
0.00049538,jenkins_lts_branch,hudson.tasks.MavenTest,hudson.tasks.MavenTest
0.00000006,jenkins_lts_branch,hudson.util.CyclicGraphDetectorTest,hudson.util.CyclicGraphDetectorTest
0.00002043,jenkins_lts_branch,org.jvnet.hudson.test.MockFolderTest,org.jvnet.hudson.test.MockFolderTest
0.00004620,jenkins_lts_branch,jenkins.security.DefaultFilePathFilterTest,jenkins.security.DefaultFilePathFilterTest
0.00000001,jenkins_lts_branch,hudson.triggers.TimerTriggerTest,hudson.triggers.TimerTriggerTest
0.00009352,jenkins_lts_branch,hudson.ProcTest,hudson.ProcTest
0.00031626,jenkins_lts_branch,hudson.FilePathTest,hudson.FilePathTest
0.00011118,jenkins_lts_branch,hudson.LauncherTest,hudson.LauncherTest
0.00010233,jenkins_lts_branch,hudson.cli.DeleteViewCommandTest,hudson.cli.DeleteViewCommandTest
0.00000081,jenkins_lts_branch,hudson.scheduler.CronTabEventualityTest,hudson.scheduler.CronTabEventualityTest
0.00002169,jenkins_lts_branch,lib.form.PasswordTest,lib.form.PasswordTest
0.00031439,jenkins_lts_branch,hudson.model.ParametersTest,hudson.model.ParametersTest
0.00006209,jenkins_lts_branch,hudson.cli.GetViewCommandTest,hudson.cli.GetViewCommandTest
0.00000882,jenkins_lts_branch,CorePropertiesTest,org.jvnet.hudson.test.PropertiesTestSuite$PropertiesTest
0.00003154,jenkins_lts_branch,hudson.util.RunListTest,hudson.util.RunListTest
0.00007874,jenkins_lts_branch,hudson.cli.DeleteNodeCommandTest,hudson.cli.DeleteNodeCommandTest
0.00000135,jenkins_lts_branch,hudson.scheduler.CronTabTest,hudson.scheduler.CronTabTest
0.00015009,jenkins_lts_branch,jenkins.security.FilePathSecureTest,jenkins.security.FilePathSecureTest
0.00000094,jenkins_lts_branch,hudson.util.XStream2EncodingTest,hudson.util.XStream2EncodingTest
0.00046635,jenkins_lts_branch,hudson.bugs.seasar.Operation2174Test,hudson.bugs.seasar.Operation2174Test
0.00000005,jenkins_lts_branch,hudson.util.IsOverriddenTest,hudson.util.IsOverriddenTest
0.00001706,jenkins_lts_branch,hudson.util.LineEndingConversionTest,hudson.util.LineEndingConversionTest
0.00003531,jenkins_lts_branch,hudson.model.SlaveTest,hudson.model.SlaveTest
0.00014325,jenkins_lts_branch,hudson.model.ParametersDefinitionPropertyTest,hudson.model.ParametersDefinitionPropertyTest
0.00006937,jenkins_lts_branch,hudson.diagnosis.HudsonHomeDiskUsageMonitorTest,hudson.diagnosis.HudsonHomeDiskUsageMonitorTest
0.00019527,jenkins_lts_branch,hudson.security.HudsonPrivateSecurityRealmTest,hudson.security.HudsonPrivateSecurityRealmTest
0.00003484,jenkins_lts_branch,lib.form.ApplyButtonTest,lib.form.ApplyButtonTest
0.00018296,jenkins_lts_branch,hudson.model.labels.LabelExpressionTest,hudson.model.labels.LabelExpressionTest
0.00001711,jenkins_lts_branch,hudson.model.EnvironmentContributorTest,hudson.model.EnvironmentContributorTest
0.00041106,jenkins_lts_branch,hudson.cli.BuildCommandTest,hudson.cli.BuildCommandTest
0.00011410,jenkins_lts_branch,jenkins.security.Security218CliTest,jenkins.security.Security218CliTest
0.00032081,jenkins_lts_branch,hudson.cli.ComputerStateTest,hudson.cli.ComputerStateTest
0.00003058,jenkins_lts_branch,hudson.model.UpdateCenterTest,hudson.model.UpdateCenterTest
0.00037380,jenkins_lts_branch,lib.hudson.ListScmBrowsersTest,lib.hudson.ListScmBrowsersTest
0.00002285,jenkins_lts_branch,hudson.tasks.UserAvatarResolverTest,hudson.tasks.UserAvatarResolverTest
0.00003105,jenkins_lts_branch,hudson.model.queue.LoadPredictorTest,hudson.model.queue.LoadPredictorTest
0.00001117,jenkins_lts_branch,jenkins.model.ExtensionTypeHierarchyTest,jenkins.model.ExtensionTypeHierarchyTest
0.00000009,jenkins_lts_branch,hudson.model.ChoiceParameterDefinitionTest,hudson.model.ChoiceParameterDefinitionTest
0.00170419,jenkins_lts_branch,hudson.PluginManagerTest,hudson.PluginManagerTest
0.00000245,jenkins_lts_branch,hudson.util.XStream2Test,hudson.util.XStream2Test
0.00002330,jenkins_lts_branch,jenkins.model.ContextMenuTest,jenkins.model.ContextMenuTest
0.00004148,jenkins_lts_branch,hudson.model.DownloadServiceTest,hudson.model.DownloadServiceTest
0.00014036,jenkins_lts_branch,hudson.diagnosis.TooManyJobsButNoViewTest,hudson.diagnosis.TooManyJobsButNoViewTest
0.00001050,jenkins_lts_branch,hudson.init.impl.GroovyInitScriptTest,hudson.init.impl.GroovyInitScriptTest
0.00011152,jenkins_lts_branch,hudson.cli.CLIActionTest,hudson.cli.CLIActionTest
0.00000093,jenkins_lts_branch,jenkins.util.xstream.XStreamDOMTest,jenkins.util.xstream.XStreamDOMTest
0.00017035,jenkins_lts_branch,hudson.model.MyViewsPropertyTest,hudson.model.MyViewsPropertyTest
0.00010721,jenkins_lts_branch,org.jvnet.hudson.test.HudsonTestCaseShutdownSlaveTest,org.jvnet.hudson.test.HudsonTestCaseShutdownSlaveTest
0.00012656,jenkins_lts_branch,hudson.ExtensionListListenerTest,hudson.ExtensionListListenerTest
0.00002406,jenkins_lts_branch,lib.layout.LayoutTest,lib.layout.LayoutTest
0.00014420,jenkins_lts_branch,hudson.tasks.FingerprinterTest,hudson.tasks.FingerprinterTest
0.00102563,jenkins_lts_branch,hudson.model.HelpLinkTest,hudson.model.HelpLinkTest
0.00043422,jenkins_lts_branch,hudson.model.DescriptorTest,hudson.model.DescriptorTest
0.00001181,jenkins_lts_branch,hudson.diagnosis.ReverseProxySetupMonitorTest,hudson.diagnosis.ReverseProxySetupMonitorTest
0.00001134,jenkins_lts_branch,hudson.model.AbstractItemTest,hudson.model.AbstractItemTest
0.00009708,jenkins_lts_branch,hudson.GroovyTest,hudson.GroovyTest
0.00016616,jenkins_lts_branch,hudson.model.MyViewTest,hudson.model.MyViewTest
0.00006435,jenkins_lts_branch,hudson.tools.InstallerTranslatorTest,hudson.tools.InstallerTranslatorTest
0.00017207,jenkins_lts_branch,hudson.cli.OnlineNodeCommandTest,hudson.cli.OnlineNodeCommandTest
0.00000521,jenkins_lts_branch,hudson.bugs.DateConversionTest,hudson.bugs.DateConversionTest
0.00002600,jenkins_lts_branch,hudson.model.ItemsTest,hudson.model.ItemsTest
0.00014892,jenkins_lts_branch,jenkins.model.BuildDiscarderPropertyTest,jenkins.model.BuildDiscarderPropertyTest
0.00013646,jenkins_lts_branch,hudson.triggers.SCMTriggerTest,hudson.triggers.SCMTriggerTest
0.00012668,jenkins_lts_branch,hudson.model.ApiTest,hudson.model.ApiTest
0.00013156,jenkins_lts_branch,hudson.model.FingerprintTest,hudson.model.FingerprintTest
0.00000050,jenkins_lts_branch,jenkins.security.HMACConfidentialKeyTest,jenkins.security.HMACConfidentialKeyTest
0.00003032,jenkins_lts_branch,hudson.node_monitors.ClockMonitorDescriptorTest,hudson.node_monitors.ClockMonitorDescriptorTest
0.00002288,jenkins_lts_branch,hudson.PluginTest,hudson.PluginTest
0.00004321,jenkins_lts_branch,hudson.security.PermissionGroupTest,hudson.security.PermissionGroupTest
0.00045682,jenkins_lts_branch,jenkins.security.SecurityContextExecutorServiceTest,jenkins.security.SecurityContextExecutorServiceTest
0.00000009,jenkins_lts_branch,hudson.util.QuotedStringTokenizerTest,hudson.util.QuotedStringTokenizerTest
0.00050347,jenkins_lts_branch,hudson.model.JobPropertyTest,hudson.model.JobPropertyTest
0.00002073,jenkins_lts_branch,hudson.cli.ListJobsCommandTest,hudson.cli.ListJobsCommandTest
0.00000606,jenkins_lts_branch,jenkins.security.DefaultConfidentialStoreTest,jenkins.security.DefaultConfidentialStoreTest
0.00024172,jenkins_lts_branch,jenkins.security.ApiTokenPropertyTest,jenkins.security.ApiTokenPropertyTest
0.00001587,jenkins_lts_branch,hudson.tools.CommandInstallerTest,hudson.tools.CommandInstallerTest
0.00000008,jenkins_lts_branch,hudson.util.IteratorsTest,hudson.util.IteratorsTest
0.00000876,jenkins_lts_branch,hudson.model.queue.WideExecutionTest,hudson.model.queue.WideExecutionTest
0.00002141,jenkins_lts_branch,hudson.model.AbortedFreeStyleBuildTest,hudson.model.AbortedFreeStyleBuildTest
0.00008590,jenkins_lts_branch,jenkins.model.JenkinsLocationConfigurationTest,jenkins.model.JenkinsLocationConfigurationTest
0.00000000,jenkins_lts_branch,hudson.model.FileParameterValueTest,hudson.model.FileParameterValueTest
0.00000007,jenkins_lts_branch,hudson.util.PackedMapTest,hudson.util.PackedMapTest
0.00000053,jenkins_lts_branch,jenkins.model.RunIdMigratorTest,jenkins.model.RunIdMigratorTest
